Rank,Name,Platform,Year,Genre,Publisher,NA_Sales,EU_Sales,JP_Sales,Other_Sales,Global_Sales,test_note_JVC,avis_count_JVC,avis_note_JVC,description_JVC
2854,Catherine,PS3,2011.0,Adventure,Deep Silver,0.3,0.15,0.2,0.07,0.72,17,(145),16.8,"Editeur(s) / Développeur(s) Deep Silver Atlus
Sortie France 09 févr. 2012
Genre(s) Réflexion Aventure
Classification +18 ans
Mode(s) Multi en coopératif
Nombre maximum de joueurs deux joueurs en coopération en local
Web Site officiel
Support(s) Blu-Ray
Date de sortie (aux Etats-Unis) 26 juillet 2011
Date de sortie (au Japon) 17 février 2011"
2855,Fear Effect,PS,1998.0,Action,Eidos Interactive,0.4,0.27,0.0,0.05,0.72,17,(3),20,"Editeur(s) / Développeur(s) Eidos Interactive Sushee Square Enix Kronos
Sortie France févr. 2000
Genre(s) Action Aventure
Classification +16 ans
Mode(s) Jouable en solo
Modèle(s) économique(s) Payant à l'acquisition
Support(s) PlayStation Store CD
Langue de la version disponible en France Voix en français Textes en français"
2856,FIFA Soccer 11,DS,2010.0,Sports,Electronic Arts,0.13,0.5,0.0,0.09,0.72,no_data,no_data,no_data,no_data
2857,Crysis,PC,2007.0,Shooter,Electronic Arts,0.0,0.69,0.0,0.03,0.72,18,(959),17.2,"Editeur(s) / Développeur(s) Crytek Electronic Arts
Sortie France 16 nov. 2007
Genre(s) FPS
Thème(s) Contemporain
Classification +18 ans
Mode(s) Jouable en solo Multi en ligne
Nombre maximum de joueurs 32 joueurs
Web Site officiel
Modèle(s) économique(s) Payant à l'acquisition
Support(s) DVD
Langue de la version disponible en France Voix en français Textes en français
Configuration minimale PIV 2.8GHz, 1GO de RAM, carte 3D 256 Mo, 12 Go d'espace disque, Win XP/Vista
Configuration conseillée Core Duo, 2 GO de RAM, carte 3D type Geforce 8800 GTS"
2858,Battlefield: Bad Company 2,PC,2010.0,Shooter,Electronic Arts,0.19,0.53,0.0,0.0,0.71,16,(186),17.4,"Editeur(s) / Développeur(s) Electronic Arts Dice
Sortie France 18 déc. 2010
Genre(s) FPS
Classification +18 ans
Nombre maximum de joueurs 2-32 joueurs
Support(s) Online
Date de sortie (aux Etats-Unis) 18 décembre 2010
Configuration minimale Windows XP, Processeur Core 2 Duo 2.0 GHz, 2 Go de RAM, carte graphique GeForce 7800 GT ou ATI X1900 256 Mo
Configuration conseillée Windows Vista ou Windows 7, Processeur : Quadcore, 2 Go de RAM, carte graphique GeForce GTX 260 512 Mo"
2859,The Lord of the Rings: The Two Towers,XB,2002.0,Action,Electronic Arts,0.45,0.24,0.0,0.03,0.71,17,(50),17.1,"Editeur(s) / Développeur(s) Griptonite Games Stormfront Studios Electronic Arts
Sortie France 08 nov. 2002
Genre(s) Action Beat'em All RPG
Classification +3 ans
Mode(s) Jouable en solo
Web Site officiel
Support(s) Nintendo Game Disc Cartouche DVD
Langue de la version disponible en France Voix en français Textes en français"
2860,Madden NFL 2003,XB,2002.0,Sports,Electronic Arts,0.67,0.02,0.0,0.03,0.71,17,(8),17.3,"Editeur(s) / Développeur(s) EA Tiburon Budcat Electronic Arts
Sortie France 26 sept. 2002
Genre(s) Sport
Classification +3 ans
Support(s) CD DVD Nintendo Game Disc Cartouche
Date de sortie (aux Etats-Unis) 12 août 2002
Langue de la version disponible en France Voix en français Textes en français Voix en anglais Textes en anglais"
2861,Dragon Quest Swords: The Masked Queen and the Tower of Mirrors,Wii,2007.0,Role-Playing,Square Enix,0.18,0.01,0.5,0.02,0.71,13,(99),13.1,"Editeur(s) / Développeur(s) Square Enix
Sortie France 09 mai 2008
Genre(s) RPG Action
Classification +12 ans
Nombre maximum de joueurs 2 à 4 joueurs
Web Site officiel
Support(s) DVD
Date de sortie (aux Etats-Unis) 19 février 2008
Date de sortie (au Japon) 12 juillet 2007"
2862,MLB 13: The Show,PS3,2013.0,Sports,Sony Computer Entertainment,0.66,0.0,0.0,0.05,0.71,16,(14),16.5,"Editeur(s) / Développeur(s) Sony
Sortie France 06 mars 2013
Genre(s) Sport
Classification +3 ans
Mode(s) Multi en ligne
Nombre maximum de joueurs 8 joueurs en ligne
Support(s) PlayStation Store"
2863,Omerta: City of Gangsters,X360,2011.0,Simulation,Konami Digital Entertainment,0.42,0.23,0.0,0.06,0.71,--,(3),10,"Editeur(s) / Développeur(s) Haeminont Games Kalypso Media
Sortie France 05 déc. 2013
Genre(s) Gestion Stratégie
Classification +16 ans
Mode(s) Multi en ligne
Web Site officiel
Support(s) Contenu Xbox Live DVD Online
Langue de la version disponible en France Voix en français Textes en français"
2864,Dragon Quest Heroes: The World's Tree Woe and the Blight Below,PS4,2015.0,Action,Square Enix,0.16,0.13,0.37,0.06,0.71,no_data,no_data,no_data,no_data
2865,Virtua Fighter 4: Evolution,PS2,2003.0,Fighting,Sega,0.35,0.27,0.0,0.09,0.71,18,(46),16.4,"Editeur(s) / Développeur(s) AM2 Sega
Sortie France 20 juin 2003
Genre(s) Combat
Classification +12 ans
Nombre maximum de joueurs 2 joueurs
Support(s) DVD
Date de sortie (aux Etats-Unis) juillet 2003
Date de sortie (au Japon) 13 mars 2003
Langue de la version disponible en France Textes en français"
2866,Top Spin 4,PS3,2011.0,Sports,Take-Two Interactive,0.17,0.4,0.0,0.14,0.71,18,(450),17.2,"Editeur(s) / Développeur(s) 2K Czech 2K Sports
Sortie France 18 mars 2011
Genre(s) Sport
Classification +7 ans
Mode(s) Multi sur le même écran Multi en ligne
Nombre maximum de joueurs Jusqu'à 4 joueurs sur le même écran ou en ligne
Web Site officiel
Support(s) Blu-Ray
Langue de la version disponible en France Voix en français Textes en français"
2867,Resident Evil: Survivor,PS,2000.0,Action,Eidos Interactive,0.23,0.15,0.29,0.05,0.71,--,(7),11.4,"Editeur(s) / Développeur(s) Capcom
Sortie France 15 févr. 2019
Genre(s) Survival-Horror
Thème(s) Zombies
Mode(s) Jouable en solo
Modèle(s) économique(s) Gratuit"
2868,Dynasty Warriors 6,PS3,2007.0,Action,Tecmo Koei,0.18,0.08,0.41,0.04,0.71,11,(84),14.3,"Editeur(s) / Développeur(s) OMEGA Force Koei
Sortie France 07 mars 2008
Genre(s) Beat'em All
Classification +12 ans
Mode(s) Multi sur le même écran
Nombre maximum de joueurs 2 joueurs en écran splitté
Web Site officiel
Support(s) Blu-Ray
Date de sortie (aux Etats-Unis) 20 février 2008
Date de sortie (au Japon) 11 novembre 2007
Langue de la version disponible en France Textes en français Voix en anglais"
2869,Super Trucks Racing,PS2,2002.0,Racing,Jester Interactive,0.35,0.27,0.0,0.09,0.71,1,(37),3.2,"Editeur(s) / Développeur(s) Tradewest Games Nordic Games
Sortie France 01 mars 2012
Genre(s) Course
Classification +7 ans
Mode(s) Jouable en solo
Nombre maximum de joueurs Non
Support(s) DVD
Langue de la version disponible en France Voix en français Textes en français"
2870,Persona Q: Shadow of the Labyrinth,3DS,2014.0,Role-Playing,Nippon Ichi Software,0.33,0.07,0.27,0.04,0.71,17,(13),14.6,"Editeur(s) / Développeur(s) Atlus Sega
Sortie France 28 nov. 2014
Genre(s) RPG Dungeon RPG
Thème(s) Fantastique
Classification +12 ans
Mode(s) Jouable en solo
Web Site officiel
Modèle(s) économique(s) Payant à l'acquisition
Support(s) Cartouche
Date de sortie (aux Etats-Unis) 25 novembre 2014
Date de sortie (au Japon) 05 juin 2014
Langue de la version disponible en France Voix en anglais Textes en anglais"
2871,Madden NFL 08,PSP,2007.0,Sports,Electronic Arts,0.6,0.04,0.0,0.07,0.71,--,(4),18.5,"Editeur(s) / Développeur(s) Electronic Arts EA Tiburon
Sortie France 23 août 2007
Genre(s) Sport
Classification +3 ans
Web Site officiel
Support(s) UMD
Date de sortie (aux Etats-Unis) 14 août 2007"
2872,Godzilla: Destroy All Monsters Melee,GC,2002.0,Fighting,Atari,0.55,0.14,0.0,0.02,0.71,7,(34),11.8,"Editeur(s) / Développeur(s) Pipeworks Software Infogrames
Sortie France nov. 2002
Genre(s) Combat
Classification +3 ans
Web Site officiel
Support(s) Nintendo Game Disc DVD
Langue de la version disponible en France Voix en français Textes en français"
2873,Jeremy McGrath Supercross 2000,PS,2000.0,Racing,Acclaim Entertainment,0.4,0.27,0.0,0.05,0.71,9,(8),9.4,"Editeur(s) / Développeur(s) Acclaim
Sortie France 25 août 2000
Genre(s) Sport Course
Classification +3 ans
Support(s) GDROM Cartouche CD
Langue de la version disponible en France Voix en français Textes en français"
2874,Conker: Live And Reloaded,XB,2005.0,Adventure,Microsoft Game Studios,0.49,0.2,0.0,0.02,0.71,17,(100),17.7,"Editeur(s) / Développeur(s) Rareware Microsoft
Sortie France 24 juin 2005
Genre(s) Action Plate-Forme
Classification +16 ans
Mode(s) Multi sur le même écran Multi en ligne
Nombre maximum de joueurs 2 joueurs en splitté, jusqu'à 16 online
Web Site officiel
Support(s) DVD
Langue de la version disponible en France Voix en français Textes en français"
2875,Silent Hill 3,PS2,2003.0,Action,Konami Digital Entertainment,0.35,0.27,0.0,0.09,0.71,17,(146),17.5,"Editeur(s) / Développeur(s) Konami
Sortie France 23 mai 2003
Genre(s) Survival-Horror
Classification +16 ans
Mode(s) Jouable en solo
Nombre maximum de joueurs Non
Support(s) DVD
Date de sortie (aux Etats-Unis) 06 août 2003
Date de sortie (au Japon) 03 juillet 2003
Langue de la version disponible en France Textes en français Voix en anglais"
2876,Madden NFL 09,PSP,2008.0,Sports,Electronic Arts,0.65,0.0,0.0,0.06,0.71,--,(1),18,"Editeur(s) / Développeur(s) Electronic Arts EA Tiburon
Sortie France Date de sortie inconnue
Genre(s) Sport
Classification +3 ans
Support(s) UMD
Date de sortie (aux Etats-Unis) 12 août 2008"
2877,Final Fantasy X/X-2 HD Remaster,PS4,2015.0,Role-Playing,Square Enix,0.29,0.25,0.06,0.11,0.71,no_data,no_data,no_data,no_data
2878,Yu-Gi-Oh! The Falsebound Kingdom,GC,2002.0,Strategy,Konami Digital Entertainment,0.49,0.13,0.07,0.02,0.71,no_data,no_data,no_data,no_data
2879,LEGO Rock Band,Wii,2009.0,Misc,Warner Bros. Interactive Entertainment,0.42,0.22,0.0,0.07,0.71,13,(11),14.1,"Editeur(s) / Développeur(s) TT Games Warner Interactive
Sortie France 26 nov. 2009
Genre(s) Rythme
Classification +7 ans
Nombre maximum de joueurs Jusqu'à 4 joueurs
Web Site officiel
Support(s) DVD
Langue de la version disponible en France Voix en français Textes en français
Configuration conseillée Un pack complet d'instruments (guitare, basse, batterie et micro)"
2880,MLB 10: The Show,PS3,2010.0,Sports,Sony Computer Entertainment,0.66,0.0,0.0,0.05,0.71,--,no_data,no_data,"Editeur(s) / Développeur(s) Sony Interactive Entertainment
Sortie France 09 juil. 2018
Genre(s) Sport"
2881,Spyro: Enter the Dragonfly,GC,2002.0,Platform,Universal Interactive,0.55,0.14,0.0,0.02,0.71,13,(27),13.4,"Editeur(s) / Développeur(s) Equinoxe Entertainment Universal Studios
Sortie France 29 nov. 2002
Genre(s) Plate-Forme
Classification +3 ans
Mode(s) Jouable en solo
Support(s) CD Nintendo Game Disc
Langue de la version disponible en France Voix en français Textes en français"
2882,Scooby-Doo 2: Monsters Unleashed,GBA,2004.0,Action,THQ,0.51,0.19,0.0,0.01,0.71,no_data,no_data,no_data,no_data
2883,Power Rangers: Dino Thunder,PS2,2004.0,Action,THQ,0.35,0.27,0.0,0.09,0.71,9,(9),10.8,"Editeur(s) / Développeur(s) THQ
Sortie France 18 févr. 2005
Genre(s) Action
Classification +3 ans
Mode(s) Jouable en solo
Nombre maximum de joueurs Non
Support(s) DVD
Langue de la version disponible en France Textes en français Voix en anglais"
2884,Rhythm Heaven: The Best+,3DS,2015.0,Misc,Nintendo,0.0,0.0,0.71,0.0,0.71,--,(1),19,"Sortie France Date de sortie inconnue
Genre(s) Rythme
Mode(s) Jouable en solo
Web Site officiel
Titre au Japon Rhythm Tengoku : The Best Plus
Date de sortie (au Japon) 11 juin 2015"
2885,LEGO Racers,N64,1999.0,Racing,LEGO Media,0.51,0.18,0.0,0.01,0.71,--,(4),10.5,"Editeur(s) / Développeur(s) High Voltage Lego Media
Sortie France 15 oct. 1999
Genre(s) Course Action
Classification +3 ans
Support(s) Cartouche
Date de sortie (aux Etats-Unis) 31 octobre 1999"
2886,WWF Attitude,N64,1999.0,Fighting,Acclaim Entertainment,0.57,0.13,0.0,0.01,0.71,--,(7),15.7,"Editeur(s) / Développeur(s) Acclaim
Sortie France Date de sortie inconnue
Genre(s) Combat Sport
Classification +12 ans
Support(s) Cartouche
Date de sortie (aux Etats-Unis) 31 août 1999"
2887,Blast Corps,N64,1997.0,Action,Nintendo,0.39,0.09,0.17,0.06,0.71,--,(7),16.4,"Editeur(s) / Développeur(s) Rareware Nintendo
Sortie France 01 sept. 1997
Genre(s) Action
Classification +3 ans
Support(s) Cartouche
Date de sortie (aux Etats-Unis) 28 février 1997
Date de sortie (au Japon) 21 mars 1997"
2888,LEGO Harry Potter: Years 1-4,PSP,2010.0,Action,Warner Bros. Interactive Entertainment,0.14,0.37,0.0,0.19,0.71,--,(23),13,"Editeur(s) / Développeur(s) TT Games Warner Interactive
Sortie France 24 juin 2010
Genre(s) Action Aventure
Classification +7 ans
Mode(s) Jouable en solo Multi en coopératif
Modèle(s) économique(s) Payant à l'acquisition
Support(s) UMD
Langue de la version disponible en France Voix en français Textes en français"
2889,Tactics Ogre: Let Us Cling Together,SNES,1995.0,Role-Playing,Quest,0.0,0.0,0.71,0.0,0.71,17,(46),16.9,"Editeur(s) / Développeur(s) Square Enix
Sortie France 25 févr. 2011
Genre(s) RPG Tactique
Classification +3 ans
Mode(s) Jouable en solo
Web Site officiel
Support(s) Console Virtuelle UMD
Date de sortie (aux Etats-Unis) 15 février 2011
Date de sortie (au Japon) 11 novembre 2010
Langue de la version disponible en France Voix en anglais Textes en anglais"
2890,"WarioWare, Inc.: Mega Party Game$",GC,2003.0,Puzzle,Nintendo,0.2,0.05,0.44,0.02,0.71,12,(48),15.9,"Editeur(s) / Développeur(s) Nintendo Intelligent Systems
Sortie France 03 sept. 2004
Genre(s) Party-Game
Classification +3 ans
Nombre maximum de joueurs 1 à 4 joueurs
Web Site officiel
Support(s) Nintendo Game Disc
Date de sortie (aux Etats-Unis) 06 avril 2004"
2891,Football Manager 2014,PC,2013.0,Sports,Sega,0.0,0.6,0.0,0.1,0.71,17,(90),11.4,"Editeur(s) / Développeur(s) Sports Interactive Sega
Sortie France 31 oct. 2013
Genre(s) Gestion Sport
Classification +3 ans
Mode(s) Multi en ligne
Support(s) DVD
Date de sortie (aux Etats-Unis) 31 octobre 2013
Langue de la version disponible en France Voix en français Textes en français"
2892,Battle Arena Toshinden 2,PS,1995.0,Fighting,Sony Computer Entertainment,0.15,0.1,0.41,0.05,0.71,--,(6),14.3,"Editeur(s) / Développeur(s) Sony Tamsoft
Sortie France 1996
Genre(s) Combat
Nombre maximum de joueurs 2 joueurs
Support(s) CD"
2893,WWE SmackDown vs. Raw 2011,PSP,2010.0,Fighting,THQ,0.22,0.31,0.0,0.17,0.71,15,(73),16,"Editeur(s) / Développeur(s) Yuke's Media Creation THQ
Sortie France 29 oct. 2010
Genre(s) Sport Combat
Thème(s) Catch
Classification +16 ans
Mode(s) Jouable en solo Multi en local
Nombre maximum de joueurs 4 joueurs
Web Site officiel
Modèle(s) économique(s) Payant à l'acquisition
Support(s) UMD
Langue de la version disponible en France Voix en français Textes en français"
2894,Jeopardy!,PS,1997.0,Misc,Hasbro Interactive,0.39,0.27,0.0,0.05,0.71,--,no_data,no_data,"Editeur(s) / Développeur(s) THQ Park Place Productions GameTek Daybreak Game Company
Sortie France 1993
Genre(s) Autres Réflexion Party-Game
Classification +3 ans
Support(s) Cartouche DVD PlayStation Store iDensity
Date de sortie (aux Etats-Unis) 01 décembre 1992"
2895,South Park,PS,1998.0,Shooter,Acclaim Entertainment,0.39,0.27,0.0,0.05,0.71,13,(14),16.3,"Editeur(s) / Développeur(s) Iguana Entertainment Acclaim
Sortie France 05 mars 1999
Genre(s) FPS Tir
Classification +12 ans
Mode(s) Jouable en solo
Modèle(s) économique(s) Payant à l'acquisition
Support(s) Cartouche CD
Date de sortie (aux Etats-Unis) 22 décembre 1998
Langue de la version disponible en France Textes en français Voix en anglais"
2896,Metal Gear Solid V: The Phantom Pain,XOne,2015.0,Action,Konami Digital Entertainment,0.37,0.26,0.01,0.06,0.71,--,(8),17,"Editeur(s) / Développeur(s) Konami
Sortie France 11 oct. 2016
Genre(s) Aventure Action Infiltration
Thème(s) Espionnage
Classification +18 ans
Mode(s) Jouable en solo Multi en ligne
Modèle(s) économique(s) Payant à l'acquisition
Support(s) Steam"
2897,Two Worlds,X360,2007.0,Role-Playing,SouthPeak Games,0.41,0.23,0.0,0.07,0.71,16,(126),13.7,"Editeur(s) / Développeur(s) Zuxxez Reality Pump Southpeak Interactive
Sortie France 18 mai 2007
Genre(s) RPG
Classification +16 ans
Mode(s) Multi en ligne
Web Site officiel
Support(s) DVD
Langue de la version disponible en France Voix en français Textes en français"
2898,Doom 3: Resurrection of Evil,XB,2005.0,Shooter,Activision,0.53,0.15,0.0,0.03,0.71,14,(6),17.7,"Editeur(s) / Développeur(s) Nerve Software Activision
Sortie France 08 avr. 2005
Genre(s) FPS
Classification +18 ans
Web Site officiel
Support(s) DVD CD
Langue de la version disponible en France Voix en français Textes en français"
2899,NCAA Football 09,X360,2008.0,Sports,Electronic Arts,0.65,0.0,0.0,0.05,0.71,--,(1),15,"Editeur(s) / Développeur(s) EA Tiburon Electronic Arts
Sortie France Date de sortie inconnue
Genre(s) Sport
Mode(s) Multi en ligne
Support(s) DVD UMD Blu-Ray
Date de sortie (aux Etats-Unis) 15 juillet 2008
Langue de la version disponible en France Voix en anglais Textes en anglais"
2900,NBA Live 09,X360,2008.0,Sports,Electronic Arts,0.5,0.14,0.0,0.07,0.71,17,(54),18,"Editeur(s) / Développeur(s) EA Sports Electronic Arts
Sortie France 09 oct. 2008
Genre(s) Sport
Classification +3 ans
Mode(s) Multi en ligne
Web Site officiel
Support(s) DVD UMD Blu-Ray
Date de sortie (aux Etats-Unis) 07 octobre 2008
Date de sortie (au Japon) 23 octobre 2008
Langue de la version disponible en France Voix en français Textes en français"
2901,Ratchet & Clank: Into the Nexus,PS3,2013.0,Shooter,Sony Computer Entertainment,0.3,0.29,0.0,0.11,0.71,no_data,no_data,no_data,no_data
2902,Spider-Man 2,PSP,2005.0,Action,Activision,0.35,0.21,0.0,0.14,0.71,10,(24),14,"Editeur(s) / Développeur(s) Vicarious Visions Activision
Sortie France 01 sept. 2005
Genre(s) Action Plate-Forme
Classification +12 ans
Web Site officiel
Support(s) UMD
Langue de la version disponible en France Voix en français Textes en français"
2903,2014 FIFA World Cup Brazil,PS3,2014.0,Sports,Electronic Arts,0.15,0.39,0.01,0.16,0.71,no_data,no_data,no_data,no_data
2904,London 2012: The Official Video Game of the Olympic Games,PS3,2012.0,Sports,Sega,0.06,0.5,0.0,0.15,0.7,no_data,no_data,no_data,no_data
2905,NHL 12,X360,2011.0,Sports,Electronic Arts,0.55,0.1,0.0,0.05,0.7,16,(49),16.6,"Editeur(s) / Développeur(s) EA Canada EA Sports
Sortie France 08 sept. 2011
Genre(s) Sport
Classification +16 ans
Mode(s) Multi en ligne
Support(s) DVD Blu-Ray
Date de sortie (aux Etats-Unis) 13 septembre 2011
Langue de la version disponible en France Textes en français Voix en anglais"
2906,Tony Hawk's Underground,GC,2003.0,Sports,Activision,0.54,0.14,0.0,0.02,0.7,17,(16),17.9,"Editeur(s) / Développeur(s) Neversoft Activision
Sortie France 21 nov. 2003
Genre(s) Action Sport
Classification +16 ans
Web Site officiel
Support(s) DVD Nintendo Game Disc Cartouche
Date de sortie (aux Etats-Unis) 27 octobre 2003
Langue de la version disponible en France Textes en français Voix en anglais Textes en anglais"
2907,Infinite Undiscovery,X360,2008.0,Role-Playing,Square Enix,0.34,0.18,0.12,0.06,0.7,15,(66),14.9,"Editeur(s) / Développeur(s) Tri-Ace Square Enix
Sortie France 05 sept. 2008
Genre(s) RPG Action
Classification +16 ans
Web Site officiel
Support(s) DVD"
2908,Super Bomberman 3,SNES,1994.0,Puzzle,Hudson Soft,0.0,0.0,0.7,0.0,0.7,--,(2),17.5,"Editeur(s) / Développeur(s) Hudson Soft
Sortie France 15 oct. 1995
Genre(s) Tactique Action
Nombre maximum de joueurs 5 joueurs avec le Super Multitap
Support(s) Cartouche
Date de sortie (au Japon) 28 avril 1995"
2909,Command & Conquer: Red Alert Retaliation,PS,1998.0,Strategy,Virgin Interactive,0.39,0.27,0.0,0.05,0.7,no_data,no_data,no_data,no_data
2910,The Sims 2: Apartment Pets,DS,2008.0,Simulation,Electronic Arts,0.32,0.31,0.0,0.07,0.7,7,(28),7.9,"Editeur(s) / Développeur(s) Electronic Arts
Sortie France 28 août 2008
Genre(s) Gestion
Classification +3 ans
Mode(s) Jouable en solo
Nombre maximum de joueurs non
Support(s) Cartouche"
2911,Star Wars: Obi-Wan,XB,2001.0,Action,Activision,0.52,0.16,0.0,0.02,0.7,--,(2),14.5,"Sortie France 01 nov. 2005
Arrêt définitif des serveurs 15 décembre 2011
Genre(s) MMO RPG
Support(s) CD"
2912,NCAA Football 08,X360,2007.0,Sports,Electronic Arts,0.65,0.0,0.0,0.05,0.7,--,(0),--,"Editeur(s) / Développeur(s) EA Tiburon EA Sports
Sortie France Date de sortie inconnue
Genre(s) Sport
Support(s) Blu-Ray DVD CD
Date de sortie (aux Etats-Unis) 17 juillet 2007"
2913,Kill.Switch,PS2,2003.0,Shooter,Sony Computer Entertainment,0.34,0.27,0.0,0.09,0.7,13,(22),14.6,"Editeur(s) / Développeur(s) Namco
Sortie France 18 févr. 2004
Genre(s) Action
Classification +16 ans
Mode(s) Jouable en solo
Nombre maximum de joueurs Non
Support(s) DVD
Langue de la version disponible en France Textes en français Voix en anglais"
2914,Lalaloopsy,DS,2011.0,Simulation,Activision,0.54,0.1,0.0,0.06,0.7,7,no_data,no_data,"Editeur(s) / Développeur(s) 1st Playable Productions Activision
Sortie France 18 nov. 2011
Genre(s) Party-Game Aventure
Classification +3 ans
Mode(s) Jouable en solo
Nombre maximum de joueurs non
Support(s) Cartouche"
2915,Madden NFL 2005,GC,2004.0,Sports,Electronic Arts,0.54,0.14,0.0,0.02,0.7,17,(9),18.7,"Editeur(s) / Développeur(s) Exient EA Tiburon Electronic Arts
Sortie France 16 sept. 2004
Genre(s) Sport
Classification +3 ans
Mode(s) Multi en ligne
Web Site officiel
Support(s) Cartouche DVD Nintendo Game Disc
Date de sortie (aux Etats-Unis) 09 août 2004
Langue de la version disponible en France Textes en français Voix en anglais Textes en anglais"
2916,F-14 Tomcat,GBA,2001.0,Action,Majesco Entertainment,0.5,0.19,0.0,0.01,0.7,14,(10),15,"Editeur(s) / Développeur(s) THQ
Sortie France 27 mars 2002
Genre(s) Simulation Action
Classification +3 ans
Nombre maximum de joueurs 2 à 4 joueurs
Support(s) Cartouche"
2917,SplashDown,PS2,2001.0,Racing,Atari,0.34,0.27,0.0,0.09,0.7,15,(44),16.4,"Editeur(s) / Développeur(s) Rainbow Studios Infogrames
Sortie France 14 nov. 2001
Genre(s) Course
Classification +3 ans
Nombre maximum de joueurs 2 joueurs
Support(s) DVD
Langue de la version disponible en France Voix en français Textes en français"
2918,NCAA Football 98,PS,1997.0,Sports,Electronic Arts,0.39,0.27,0.0,0.05,0.7,no_data,no_data,no_data,no_data
2919,Jade Empire,XB,2005.0,Role-Playing,Microsoft Game Studios,0.48,0.19,0.0,0.03,0.7,17,(5),18.8,"Editeur(s) / Développeur(s) Microsoft 2K Games LTI Gray Matter BioWare
Sortie France 22 avr. 2005
Genre(s) RPG Action
Classification +16 ans
Mode(s) Jouable en solo
Web Site officiel
Support(s) DVD Online Xbox Originals
Langue de la version disponible en France Voix en français Textes en français"
2920,"Transformers: Revenge of the Fallen (XBox 360, PS3, & PC Versions)",PS3,2009.0,Shooter,Activision,0.28,0.3,0.0,0.12,0.7,no_data,no_data,no_data,no_data
2921,The Sims 3,DS,2010.0,Simulation,Electronic Arts,0.39,0.25,0.0,0.06,0.7,15,(20),14.5,"Editeur(s) / Développeur(s) Maxis Electronic Arts
Sortie France 24 oct. 2013
Genre(s) Gestion Simulation
Classification +12 ans
Mode(s) Jouable en solo
Support(s) DVD
Langue de la version disponible en France Voix en français Textes en français"
2922,Skylanders: Trap Team,WiiU,2014.0,Action,Activision,0.39,0.25,0.0,0.06,0.7,--,(6),16.7,"Editeur(s) / Développeur(s) Beenox Studios Activision
Sortie France 10 oct. 2014
Genre(s) Action Plate-Forme
Thème(s) Monstres Fantastique
Classification +7 ans
Mode(s) Jouable en solo
Modèle(s) économique(s) Payant à l'acquisition
Support(s) iDensity
Langue de la version disponible en France Voix en français Textes en français"
2923,Prince of Persia: The Forgotten Sands,PS3,2010.0,Action,Ubisoft,0.19,0.36,0.01,0.13,0.7,15,(240),14.6,"Editeur(s) / Développeur(s) Ubisoft Montreal Ubisoft
Sortie France 20 mai 2010
Genre(s) Action Plate-Forme
Thème(s) Fantastique
Classification +16 ans
Mode(s) Jouable en solo
Nombre maximum de joueurs non
Web Site officiel
Modèle(s) économique(s) Payant à l'acquisition
Support(s) Blu-Ray
Langue de la version disponible en France Textes en français"
2924,Chocobo's Dungeon 2,PS,1998.0,Role-Playing,SquareSoft,0.04,0.03,0.58,0.05,0.7,--,(0),--,"Editeur(s) / Développeur(s) Squaresoft
Sortie France Date de sortie inconnue
Genre(s) RPG
Support(s) CD
Date de sortie (aux Etats-Unis) 30 novembre 1999
Date de sortie (au Japon) 23 décembre 1998"
2925,Advance Wars,GBA,2001.0,Strategy,Nintendo,0.5,0.19,0.0,0.01,0.7,18,(134),17.9,"Editeur(s) / Développeur(s) Nintendo Intelligent Games
Sortie France 11 janv. 2002
Genre(s) Tactique
Classification +3 ans
Nombre maximum de joueurs De 2 à 4 joueurs
Support(s) Cartouche"
2926,Hannah Montana: The Movie,DS,2009.0,Adventure,Disney Interactive Studios,0.38,0.25,0.0,0.07,0.7,--,(3),15,"Editeur(s) / Développeur(s) Disney Interactive
Sortie France 22 oct. 2009
Genre(s) Aventure Rythme
Classification +3 ans
Mode(s) Jouable en solo
Nombre maximum de joueurs Non
Support(s) UMD
Date de sortie (aux Etats-Unis) 04 août 2009
Langue de la version disponible en France Voix en français Textes en français"
2927,World of Zoo,DS,2009.0,Simulation,THQ,0.43,0.2,0.0,0.06,0.7,7,(5),8.2,"Editeur(s) / Développeur(s) THQ Blue Fang Games
Sortie France 06 nov. 2009
Genre(s) Gestion
Classification +3 ans
Nombre maximum de joueurs deux joueurs
Web Site officiel
Support(s) Cartouche"
2928,Ape Escape: On the Loose,PSP,2005.0,Platform,Sony Computer Entertainment,0.52,0.01,0.12,0.05,0.7,12,(13),14.8,"Editeur(s) / Développeur(s) Sony
Sortie France 10 mai 2006
Genre(s) Plate-Forme Action
Classification +3 ans
Nombre maximum de joueurs Wi-Fi
Web Site officiel
Support(s) UMD
Langue de la version disponible en France Textes en français Voix en anglais"
2929,NASCAR 2001,PS2,2000.0,Racing,Electronic Arts,0.34,0.27,0.0,0.09,0.7,--,(1),13,"Editeur(s) / Développeur(s) Electronic Arts
Sortie France Date de sortie inconnue
Genre(s) Autres
Support(s) DVD
Date de sortie (aux Etats-Unis) 07 novembre 2000"
2930,IL-2 Sturmovik: Birds of Prey,PS3,2009.0,Simulation,505 Games,0.34,0.26,0.0,0.1,0.7,16,(50),15.8,"Editeur(s) / Développeur(s) Gaijin Entertainment 1C Company
Sortie France 03 sept. 2009
Genre(s) Simulation
Classification +7 ans
Mode(s) Multi en ligne
Nombre maximum de joueurs jusqu'à 16 joueurs online
Web Site officiel
Support(s) Blu-Ray
Langue de la version disponible en France Voix en français Textes en français Voix en anglais
Configuration conseillée joystick"
2931,Book of Spells,PS3,2012.0,Action,Sony Computer Entertainment,0.13,0.4,0.0,0.16,0.7,14,(17),12.1,"Editeur(s) / Développeur(s) Sony
Sortie France 14 nov. 2012
Genre(s) Autres
Classification +3 ans
Mode(s) Jouable en solo
Nombre maximum de joueurs Non
Web Site officiel
Support(s) Blu-Ray
Langue de la version disponible en France Voix en français Textes en français
Configuration minimale Playstation Eye et PS Move"
2932,NCAA Football 2001,PS,2000.0,Sports,Electronic Arts,0.39,0.26,0.0,0.05,0.7,no_data,no_data,no_data,no_data
2933,Mafia,PS2,2004.0,Action,Illusion Softworks,0.34,0.27,0.0,0.09,0.7,9,(54),13.8,"Editeur(s) / Développeur(s) Illusion Softworks Take-Two Interactive
Sortie France 13 févr. 2004
Genre(s) Action
Classification +18 ans
Mode(s) Jouable en solo
Nombre maximum de joueurs Non
Support(s) DVD
Date de sortie (aux Etats-Unis) 28 janvier 2004
Langue de la version disponible en France Voix en français Textes en français"
2934,Mobile Suit Gundam: Journey to Jaburo,PS2,2000.0,Simulation,Namco Bandai Games,0.16,0.13,0.36,0.04,0.7,no_data,no_data,no_data,no_data
2935,Metal Gear Solid V: The Phantom Pain,PS3,2015.0,Action,Konami Digital Entertainment,0.21,0.18,0.22,0.08,0.7,--,(8),17,"Editeur(s) / Développeur(s) Konami
Sortie France 11 oct. 2016
Genre(s) Aventure Action Infiltration
Thème(s) Espionnage
Classification +18 ans
Mode(s) Jouable en solo Multi en ligne
Modèle(s) économique(s) Payant à l'acquisition
Support(s) Steam"
2936,TimeSplitters 2,PS2,2002.0,Shooter,Eidos Interactive,0.34,0.27,0.0,0.09,0.7,17,(103),18.4,"Editeur(s) / Développeur(s) Free Radical Design Eidos Interactive
Sortie France 18 oct. 2002
Genre(s) FPS Action
Classification +16 ans
Nombre maximum de joueurs 2 à 4 Joueurs
Support(s) DVD
Langue de la version disponible en France Textes en français Voix en anglais"
2937,MotionSports,X360,2010.0,Sports,Ubisoft,0.38,0.26,0.0,0.06,0.7,7,(14),7.7,"Editeur(s) / Développeur(s) Ubisoft
Sortie France 08 nov. 2010
Genre(s) Sport
Classification +12 ans
Nombre maximum de joueurs Jusqu'à 2 joueurs
Web Site officiel
Support(s) DVD
Date de sortie (aux Etats-Unis) 3ème trimestre 2010
Langue de la version disponible en France Voix en français Textes en français
Configuration minimale Xbox 360 Kinect ou un adaptateur Kinect"
2938,MLB 08: The Show,PS3,2008.0,Sports,Sony Computer Entertainment,0.64,0.0,0.0,0.05,0.7,--,(1),16,"Editeur(s) / Développeur(s) Sony
Sortie France Date de sortie inconnue
Genre(s) Sport
Classification +3 ans
Nombre maximum de joueurs 1-2 joueurs
Support(s) Blu-Ray
Date de sortie (aux Etats-Unis) 03 avril 2008"
2939,Classic NES Series: Zelda II: The Adventure of Link,GBA,2004.0,Adventure,Nintendo,0.37,0.14,0.17,0.01,0.7,no_data,no_data,no_data,no_data
2940,Fire Emblem: Monsh? no Nazo,SNES,1994.0,Role-Playing,Nintendo,0.0,0.0,0.7,0.0,0.7,no_data,no_data,no_data,no_data
2941,Disney's Chicken Little,GBA,2005.0,Platform,Disney Interactive Studios,0.5,0.18,0.0,0.01,0.7,14,(1),16,"Editeur(s) / Développeur(s) Buena Vista Interactive Avalanche Software
Sortie France 16 nov. 2006
Genre(s) Tir Action
Classification +7 ans
Web Site officiel
Support(s) Cartouche DVD
Langue de la version disponible en France Voix en français Textes en français"
2942,King Kong,2600,1981.0,Action,Tigervision,0.65,0.04,0.0,0.01,0.69,15,(15),17.2,"Editeur(s) / Développeur(s) Ubisoft Montpellier Ubisoft
Sortie France 17 nov. 2005
Genre(s) Action FPS Aventure
Classification +3 ans
Mode(s) Jouable en solo
Web Site officiel
Support(s) DVD UMD Nintendo Game Disc Cartouche
Langue de la version disponible en France Voix en français Textes en français Voix en anglais"
2943,WWE 2K15,X360,2014.0,Sports,Take-Two Interactive,0.38,0.26,0.0,0.06,0.69,14,(4),15,"Editeur(s) / Développeur(s) 2K Sports
Sortie France 21 nov. 2014
Genre(s) Sport Combat
Thème(s) Catch
Classification +16 ans
Mode(s) Jouable en solo
Web Site officiel
Modèle(s) économique(s) Payant à l'acquisition
Support(s) Blu-Ray DVD
Date de sortie (aux Etats-Unis) 28 octobre 2014
Langue de la version disponible en France Textes en français"
2944,The LEGO Movie Videogame,3DS,2014.0,Action,Warner Bros. Interactive Entertainment,0.28,0.31,0.05,0.05,0.69,13,(3),8.7,"Editeur(s) / Développeur(s) Warner Bros Games TT Games
Sortie France 19 févr. 2014
Genre(s) Action
Classification +7 ans
Mode(s) Jouable en solo
Modèle(s) économique(s) Payant à l'acquisition
Support(s) Cartouche
Langue de la version disponible en France Voix en français Textes en français"
2945,X-Men Origins: Wolverine - Uncaged Edition,X360,2009.0,Action,Activision,0.42,0.21,0.0,0.06,0.69,no_data,no_data,no_data,no_data
2946,Metal Gear Solid: Portable Ops Plus,PSP,2007.0,Action,Konami Digital Entertainment,0.26,0.01,0.26,0.17,0.69,10,(39),13.5,"Editeur(s) / Développeur(s) Kojima Productions Konami
Sortie France 27 mars 2008
Genre(s) Action Infiltration
Classification +16 ans
Mode(s) Multi en ligne
Nombre maximum de joueurs 2 à 6 en online
Web Site officiel
Support(s) UMD
Date de sortie (aux Etats-Unis) 13 novembre 2007
Date de sortie (au Japon) 20 septembre 2007
Langue de la version disponible en France Textes en français Voix en anglais"
2947,Disney Tangled,Wii,2010.0,Action,Disney Interactive Studios,0.47,0.17,0.0,0.05,0.69,14,(10),11.2,"Editeur(s) / Développeur(s) Disney Interactive
Sortie France 02 déc. 2010
Genre(s) Plate-Forme Action
Classification +3 ans
Nombre maximum de joueurs 2 à 4 joueurs
Support(s) DVD
Langue de la version disponible en France Voix en français Textes en français"
2948,Shrek the Third,X360,2007.0,Action,Activision,0.54,0.1,0.0,0.06,0.69,13,(7),14.6,"Editeur(s) / Développeur(s) 7 Studio Vicarious Visions Activision Shaba Games Amaze Entertainment
Sortie France 08 juin 2007
Genre(s) Action Aventure Plate-Forme
Classification +3 ans
Mode(s) Jouable en solo
Web Site officiel
Support(s) Cartouche Blu-Ray UMD DVD
Langue de la version disponible en France Voix en français Textes en français"
2949,Test Drive Unlimited 2,X360,,Racing,Atari,0.3,0.32,0.0,0.07,0.69,13,(378),15.1,"Editeur(s) / Développeur(s) Eden Games Atari
Sortie France 11 févr. 2011
Genre(s) Course
Classification +12 ans
Mode(s) Multi en ligne
Web Site officiel
Support(s) DVD Blu-Ray
Date de sortie (aux Etats-Unis) 08 février 2011
Langue de la version disponible en France Voix en français Textes en français"
2950,Moto Racer 2,PS,1997.0,Racing,Electronic Arts,0.39,0.26,0.0,0.05,0.69,17,(35),14.3,"Editeur(s) / Développeur(s) Delphine Software International Electronic Arts
Sortie France nov. 1998
Genre(s) Autres Simulation Course
Classification +3 ans
Mode(s) Multi sur le même écran
Support(s) CD
Langue de la version disponible en France Voix en français Textes en français"
2951,Halo 2 Multiplayer Map Pack,XB,2005.0,Shooter,Microsoft Game Studios,0.54,0.13,0.0,0.02,0.69,no_data,no_data,no_data,no_data
2952,Minecraft: Story Mode,PS3,2015.0,Adventure,Mojang,0.25,0.33,0.0,0.11,0.69,--,no_data,no_data,"Editeur(s) / Développeur(s) Telltale Games
Sortie France 19 déc. 2017
Genre(s) Point'n Click Aventure
Mode(s) Jouable en solo
Modèle(s) économique(s) Payant à l'acquisition"
2953,Mortal Kombat: Shaolin Monks,PS2,2005.0,Action,Midway Games,0.58,0.02,0.0,0.09,0.69,13,(29),15.8,"Editeur(s) / Développeur(s) Midway
Sortie France 28 oct. 2005
Genre(s) Combat Action
Classification +16 ans
Nombre maximum de joueurs 1 à 2 joueurs
Web Site officiel
Support(s) DVD
Date de sortie (aux Etats-Unis) 16 septembre 2005
Langue de la version disponible en France Voix en français Textes en français"
2954,MX vs. ATV Unleashed: On the Edge,PSP,2006.0,Racing,THQ,0.64,0.0,0.0,0.05,0.69,no_data,no_data,no_data,no_data
2955,Skylanders: Trap Team,PS3,2014.0,Action,Activision,0.24,0.33,0.0,0.12,0.69,--,no_data,no_data,"Editeur(s) / Développeur(s) Toys For Bob Activision
Sortie France 10 oct. 2014
Genre(s) Action Plate-Forme
Thème(s) Monstres Fantastique
Classification +7 ans
Mode(s) Jouable en solo
Modèle(s) économique(s) Payant à l'acquisition
Support(s) Blu-Ray
Langue de la version disponible en France Voix en français Textes en français"
2956,Mario Pinball Land,GBA,2004.0,Misc,Nintendo,0.5,0.18,0.0,0.01,0.69,15,(31),14.1,"Editeur(s) / Développeur(s) Nintendo
Sortie France 26 nov. 2004
Genre(s) Flipper
Classification +3 ans
Mode(s) Jouable en solo
Nombre maximum de joueurs Non
Web Site officiel
Support(s) Cartouche
Date de sortie (aux Etats-Unis) 04 octobre 2004
Langue de la version disponible en France Voix en français Textes en français"
2957,Mappy,NES,1984.0,Platform,Namco Bandai Games,0.0,0.0,0.69,0.0,0.69,--,(2),15.5,"Editeur(s) / Développeur(s) Bandai Namco Namco
Sortie France 24 mai 1991
Genre(s) Action Autres Réflexion
Support(s) Disquette Console Virtuelle Cartouche"
2958,J-League Soccer: Prime Goal,SNES,1993.0,Sports,Namco Bandai Games,0.0,0.0,0.69,0.0,0.69,no_data,no_data,no_data,no_data
2959,Dragon Ball Z: Budokai,GC,2003.0,Fighting,Atari,0.53,0.14,0.0,0.02,0.69,10,(223),15.8,"Editeur(s) / Développeur(s) Bandai Namco
Sortie France 02 nov. 2012
Genre(s) Combat
Classification +12 ans
Mode(s) Jouable en solo Multi en local
Modèle(s) économique(s) Payant à l'acquisition
Support(s) DVD Blu-Ray
Langue de la version disponible en France Textes en français Voix en anglais"
2960,NFL Xtreme,PS,1998.0,Sports,Sony Computer Entertainment,0.38,0.26,0.0,0.05,0.69,--,(0),--,"Editeur(s) / Développeur(s) Sony 989 Studios
Sortie France Date de sortie inconnue
Genre(s) Sport
Nombre maximum de joueurs 2 joueurs
Support(s) CD
Date de sortie (aux Etats-Unis) juillet 1998"
2961,The Sly Collection,PS3,2010.0,Platform,Sony Computer Entertainment,0.52,0.09,0.01,0.07,0.69,18,(303),18.2,"Editeur(s) / Développeur(s) Sony Sanzaru Games
Sortie France 01 déc. 2010
Genre(s) Compilation
Classification +7 ans
Nombre maximum de joueurs mini-jeux jusqu'à 2 joueurs
Support(s) Blu-Ray
Date de sortie (aux Etats-Unis) 4ème trimestre 2010"
2962,One Piece: Pirate Warriors 2,PS3,2013.0,Action,Namco Bandai Games,0.0,0.2,0.42,0.07,0.69,15,(195),17.1,"Editeur(s) / Développeur(s) Tecmo Koei OMEGA Force
Sortie France 30 août 2013
Genre(s) Beat'em All
Classification +12 ans
Mode(s) Multi sur le même écran Multi en ligne
Web Site officiel
Support(s) Blu-Ray New Game Media
Date de sortie (aux Etats-Unis) 03 septembre 2013
Date de sortie (au Japon) 20 mars 2013
Langue de la version disponible en France Textes en français Voix en japonais"
2963,Assassin's Creed IV: Black Flag,PC,2013.0,Action,Ubisoft,0.22,0.38,0.0,0.1,0.69,--,(4),14.3,"Editeur(s) / Développeur(s) Ubisoft Montreal Ubisoft
Sortie France 02 oct. 2014
Genre(s) Action Aventure Compilation
Thème(s) Amérique du Nord Historique
Classification +18 ans
Mode(s) Jouable en solo
Modèle(s) économique(s) Payant à l'acquisition
Support(s) DVD
Configuration minimale OS: Windows Vista SP2 or Windows 7 SP1 or Windows 8 (both 32/64bit versions) Processor: Intel Core2Quad Q8400 @ 2.6 GHz or AMD Athlon II X4 620 @ 2.6 GHz Memory: 2 GB RAM Graphics: Nvidia Geforce GTX 260 or AMD Radeon HD 4870 (512MB VRAM with shader Model 4.0 or higher) Hard Drive: 30 GB available space Sound Card: DirectX Compatible Sound Card with latest drivers
Configuration conseillée OS: Windows Vista SP2 or Windows 7 SP1 or Windows 8 (both 32/64bit versions) Processor: Intel Core i5 2400S @ 2.5 GHz or better or AMD Phenom II x4 940 @ 3.0 GHz Memory: 4 GB RAM Graphics: Nvidia GeForce GTX 470 or AMD Radeon HD 5850 (1024MB VRAM with Shader Model 5.0) or better Hard Drive: 30 GB available space Sound Card: DirectX Compatible Sound Card with latest drivers"
2964,Harry Potter and the Chamber of Secrets,GC,2002.0,Action,Electronic Arts,0.53,0.14,0.0,0.02,0.69,3,(33),3.8,"Editeur(s) / Développeur(s) Electronic Arts
Sortie France 05 déc. 2002
Genre(s) Autres
Classification +3 ans
Mode(s) Jouable en solo
Nombre maximum de joueurs Non
Support(s) CD
Langue de la version disponible en France Voix en français Textes en français
Configuration minimale P3 500 Mhz, 64 Mo de Ram, carte 3D 16 Mo
Configuration conseillée P3 800 Mhz, 128 Mo Ram, carte 3D 64 Mo"
2965,Need for Speed: Shift 2 Unleashed,PS3,2011.0,Racing,Electronic Arts,0.2,0.36,0.0,0.13,0.69,14,(253),14.5,"Editeur(s) / Développeur(s) Slightly Mad Studios Electronic Arts
Sortie France 31 mars 2011
Genre(s) Course
Classification +3 ans
Mode(s) Multi en ligne
Nombre maximum de joueurs Jusqu'à 12 joueurs en ligne.
Web Site officiel
Support(s) Blu-Ray
Langue de la version disponible en France Voix en français Textes en français"
2966,The Lord of the Rings: The Return of the King,GC,2003.0,Action,Electronic Arts,0.53,0.14,0.0,0.02,0.69,17,(200),17.7,"Editeur(s) / Développeur(s) Griptonite Games Electronic Arts
Sortie France 14 nov. 2003
Genre(s) Action Beat'em All Aventure
Classification +3 ans
Mode(s) Multi en coopératif
Web Site officiel
Support(s) DVD Nintendo Game Disc Cartouche CD
Langue de la version disponible en France Voix en français Textes en français"
2967,Nintendo Presents: New Style Boutique 2 - Fashion Forward,3DS,2015.0,Misc,Nintendo,0.01,0.61,0.02,0.04,0.69,no_data,no_data,no_data,no_data
2968,MX vs. ATV Untamed,X360,2007.0,Racing,THQ,0.55,0.08,0.0,0.06,0.69,12,(13),16.8,"Editeur(s) / Développeur(s) Incinerator Studios Rainbow Studios THQ
Sortie France 07 mars 2008
Genre(s) Course
Classification +3 ans
Mode(s) Multi en ligne
Web Site officiel
Support(s) Cartouche Blu-Ray UMD DVD
Date de sortie (aux Etats-Unis) 19 décembre 2007
Langue de la version disponible en France Voix en français Textes en français"
2969,The Last Remnant,X360,2008.0,Role-Playing,Square Enix,0.25,0.2,0.18,0.06,0.69,13,(94),15.6,"Editeur(s) / Développeur(s) Square Enix
Sortie France 20 nov. 2008
Genre(s) RPG
Classification +16 ans
Mode(s) Jouable en solo
Web Site officiel
Support(s) Blu-Ray DVD
Date de sortie (aux Etats-Unis) 20 novembre 2008
Date de sortie (au Japon) 20 novembre 2008
Langue de la version disponible en France Textes en français Voix en anglais"
2970,Frozen: Olaf's Quest,DS,2013.0,Platform,Disney Interactive Studios,0.28,0.35,0.0,0.06,0.69,no_data,no_data,no_data,no_data
2971,The Sims: Medieval,PC,2011.0,Simulation,Electronic Arts,0.27,0.32,0.0,0.1,0.69,13,(22),13.8,"Editeur(s) / Développeur(s) Maxis Electronic Arts
Sortie France 01 sept. 2011
Genre(s) Simulation Gestion
Classification +12 ans
Mode(s) Jouable en solo
Nombre maximum de joueurs non
Support(s) DVD
Configuration minimale Windows XP (SP2), Windows Vista (SP1), Win 7; Processeur 2,0 GHz P4 ou équivalent; carte graphique 256 Mo compatible avec Pixel Shader 2.0; 1 Go de RAM pour XP, 1,5 Go de RAM pour Vista et 7; 5,3 Go d'espace libre et au moins 1 Go supplémentaire pour le contenu personnalisé et les sauvegardes"
2972,Baldur's Gate: Dark Alliance II,PS2,2004.0,Role-Playing,Interplay,0.34,0.26,0.0,0.09,0.68,16,(74),17.5,"Editeur(s) / Développeur(s) Black Isle Studios Hasbro Interactive
Sortie France 06 févr. 2004
Genre(s) RPG Action
Classification +12 ans
Nombre maximum de joueurs 2 joueurs
Support(s) DVD
Langue de la version disponible en France Voix en français Textes en français"
2973,Shark Tale,GBA,2004.0,Action,Activision,0.49,0.18,0.0,0.01,0.68,7,(2),12.5,"Editeur(s) / Développeur(s) Vicarious Visions Activision
Sortie France 08 oct. 2004
Genre(s) Plate-Forme
Classification +3 ans
Nombre maximum de joueurs 2 à 4 joueurs
Support(s) Cartouche
Date de sortie (aux Etats-Unis) septembre 2004
Date de sortie (au Japon) 31 mars 2005
Langue de la version disponible en France Voix en français Textes en français"
2974,Plants vs. Zombies: Garden Warfare,XOne,2014.0,Shooter,Electronic Arts,0.39,0.23,0.0,0.06,0.68,15,(5),15.2,"Editeur(s) / Développeur(s) EA
Sortie France 18 oct. 2019
Genre(s) FPS
Mode(s) Jouable en solo Multi en local Multi en ligne
Langue de la version disponible en France Textes en français"
2975,Kirby's Dream Collection: Special Edition,Wii,2012.0,Action,Nintendo,0.34,0.0,0.33,0.02,0.68,--,(3),19,"Editeur(s) / Développeur(s) HAL Laboratory Nintendo
Sortie France Date de sortie inconnue
Genre(s) Compilation Plate-Forme
Classification +3 ans
Support(s) DVD
Date de sortie (aux Etats-Unis) 16 septembre 2012
Date de sortie (au Japon) 19 juillet 2012"
2976,Bakugan: Battle Brawlers,Wii,2009.0,Action,Activision,0.6,0.03,0.0,0.05,0.68,11,(6),13.7,"Editeur(s) / Développeur(s) Activision
Sortie France 05 nov. 2010
Genre(s) Jeu de cartes Action
Classification +7 ans
Nombre maximum de joueurs 2 joueurs
Support(s) DVD
Langue de la version disponible en France Voix en français Textes en français"
2977,Star Wars: Masters of Teras Kasi,PS,1997.0,Action,LucasArts,0.38,0.26,0.0,0.04,0.68,--,(4),12.8,"Editeur(s) / Développeur(s) LucasArts
Sortie France 1998
Genre(s) Combat
Support(s) CD
Date de sortie (aux Etats-Unis) novembre 1997"
2978,The Last Story,Wii,2011.0,Role-Playing,Nintendo,0.32,0.13,0.18,0.04,0.68,17,(225),17.2,"Editeur(s) / Développeur(s) Xseed Games Mistwalker Nintendo
Sortie France 24 févr. 2012
Genre(s) RPG Action
Classification +16 ans
Mode(s) Multi en coopératif Multi en compétitif
Nombre maximum de joueurs 2 en Coop ou en Versus
Web Site officiel
Support(s) DVD
Date de sortie (aux Etats-Unis) 14 août 2012
Date de sortie (au Japon) 27 janvier 2011"
2979,NBA Street Vol. 2,XB,2003.0,Sports,Electronic Arts,0.62,0.04,0.0,0.02,0.68,17,(56),16.9,"Editeur(s) / Développeur(s) EA Sports BIG Electronic Arts
Sortie France 22 mars 2007
Genre(s) Sport
Classification +3 ans
Mode(s) Multi en ligne
Web Site officiel
Support(s) Blu-Ray DVD"
2980,Iron Man,PS3,2008.0,Action,Sega,0.32,0.25,0.0,0.11,0.68,8,(45),11.8,"Editeur(s) / Développeur(s) Secret Level Sega
Sortie France 09 mai 2008
Genre(s) Action
Classification +16 ans
Mode(s) Jouable en solo
Nombre maximum de joueurs non
Web Site officiel
Support(s) Blu-Ray
Date de sortie (aux Etats-Unis) 02 mai 2008"
2981,Disney Infinity 3.0,PS4,2015.0,Action,Disney Interactive Studios,0.21,0.36,0.0,0.11,0.68,14,(7),13.3,"Editeur(s) / Développeur(s) Disney Interactive Sumo Digital Ninja Theory Avalanche Software
Sortie France 28 août 2015
Genre(s) Action Création Plate-Forme
Support(s) Blu-Ray"
2982,Spider-Man 3,PS3,2007.0,Platform,Activision,0.26,0.29,0.02,0.12,0.68,11,(97),12.7,"Editeur(s) / Développeur(s) Treyarch Activision
Sortie France 18 mai 2007
Genre(s) Action
Classification +12 ans
Mode(s) Jouable en solo
Nombre maximum de joueurs Non
Web Site officiel
Support(s) Blu-Ray
Langue de la version disponible en France Voix en français Textes en français"
2983,NCAA Football 2005,XB,2004.0,Sports,Electronic Arts,0.63,0.02,0.0,0.03,0.68,--,(0),--,"Editeur(s) / Développeur(s) EA Sports Electronic Arts
Sortie France Date de sortie inconnue
Genre(s) Sport
Classification +3 ans
Support(s) DVD Nintendo Game Disc CD
Date de sortie (aux Etats-Unis) 15 juillet 2004"
2984,Mortal Kombat Mythologies: Sub-Zero,PS,1997.0,Fighting,GT Interactive,0.38,0.26,0.0,0.04,0.68,13,(4),13.3,"Editeur(s) / Développeur(s) Midway Acclaim
Sortie France 1997
Genre(s) Combat Plate-Forme
Support(s) Cartouche CD
Date de sortie (aux Etats-Unis) 01 octobre 1997"
2985,Rayman Legends,WiiU,2013.0,Platform,Ubisoft,0.26,0.33,0.03,0.06,0.68,18,(181),18.2,"Editeur(s) / Développeur(s) Ubisoft Montpellier Ubisoft
Sortie France 29 août 2013
Genre(s) Plate-Forme
Thème(s) Fantastique
Classification +7 ans
Mode(s) Jouable en solo Multi en local
Nombre maximum de joueurs 5 joueurs
Modèle(s) économique(s) Payant à l'acquisition
Support(s) iDensity
Langue de la version disponible en France Voix en français Textes en français"
2986,Naruto: Clash of Ninja,GC,2003.0,Fighting,Tomy Corporation,0.53,0.14,0.0,0.02,0.68,16,(229),15.7,"Editeur(s) / Développeur(s) Takara Tomy 8ing
Sortie France 09 avr. 2010
Genre(s) Combat
Mode(s) Multi en ligne
Nombre maximum de joueurs 1 à 4 joueurs + online
Support(s) DVD
Date de sortie (aux Etats-Unis) 17 novembre 2009
Langue de la version disponible en France Textes en français Voix en anglais Voix en japonais"
2987,Prince of Persia: The Two Thrones,PS2,2005.0,Action,Ubisoft,0.57,0.02,0.0,0.09,0.68,no_data,no_data,no_data,no_data
2988,Hot Shots Golf: Open Tee 2,PSP,2007.0,Sports,Sony Computer Entertainment,0.21,0.11,0.28,0.08,0.68,16,(33),17.3,"Editeur(s) / Développeur(s) Clapping Hands Sony
Sortie France 30 mai 2008
Genre(s) Sport
Classification +3 ans
Mode(s) Multi en ligne
Nombre maximum de joueurs jusqu'à 8 joueurs ad-hoc et 16 joueurs online
Support(s) UMD
Date de sortie (au Japon) 06 décembre 2007"
2989,Metro: Last Light,PS4,2014.0,Action,Deep Silver,0.22,0.3,0.04,0.12,0.68,--,(16),16.4,"Editeur(s) / Développeur(s) 4A Games Deep Silver
Sortie France 28 août 2014
Genre(s) FPS Survival-Horror
Thème(s) Monstres Post-apocalyptique
Classification +18 ans
Mode(s) Jouable en solo
Nombre maximum de joueurs Non
Web Site officiel
Modèle(s) économique(s) Payant à l'acquisition
Support(s) PlayStation Store
Langue de la version disponible en France Voix en français Textes en français"
2990,Fossil Fighters: Champions,DS,2010.0,Role-Playing,Nintendo,0.32,0.0,0.34,0.02,0.68,--,(0),--,"Editeur(s) / Développeur(s) Nintendo Red Entertainment
Sortie France Date de sortie inconnue
Genre(s) Combat
Classification +3 ans
Nombre maximum de joueurs 2 joueurs
Support(s) Cartouche
Date de sortie (aux Etats-Unis) 14 novembre 2011
Date de sortie (au Japon) 18 novembre 2010"
2991,Mercenaries: Playground of Destruction,XB,2005.0,Action,LucasArts,0.54,0.11,0.0,0.03,0.68,no_data,no_data,no_data,no_data
2992,Sniper Elite 3,PS4,2014.0,Shooter,505 Games,0.22,0.33,0.0,0.13,0.68,--,(0),--,"Editeur(s) / Développeur(s) 505 Games Rebellion
Sortie France Date de sortie inconnue
Genre(s) Action Infiltration
Thème(s) 2nde Guerre Mondiale Espionnage
Classification +18 ans
Mode(s) Jouable en solo Multi en coopératif
Web Site officiel
Modèle(s) économique(s) Payant à l'acquisition
Support(s) PlayStation Store
Langue de la version disponible en France Voix en français Textes en français"
2993,Doom (2016),XOne,2016.0,Shooter,Bethesda Softworks,0.39,0.23,0.0,0.06,0.68,18,(78),17.5,"Editeur(s) / Développeur(s) id Software Bethesda Softworks
Sortie France 20 mars 2020
Genre(s) Shooter FPS
Classification +18 ans"
2994,Bushido Blade 2,PS,1998.0,Fighting,SquareSoft,0.25,0.17,0.22,0.04,0.68,--,(0),--,"Editeur(s) / Développeur(s) Light Weight
Sortie France Le jeu est annulé
Genre(s) Combat
Nombre maximum de joueurs 2 joueurs
Support(s) CD
Date de sortie (aux Etats-Unis) 28 février 1998
Date de sortie (au Japon) 12 mars 1998"
2995,Suikoden II,PS,1998.0,Role-Playing,Konami Digital Entertainment,0.15,0.1,0.38,0.04,0.68,15,(4),19.5,"Editeur(s) / Développeur(s) Konami
Sortie France 21 juil. 2000
Genre(s) Aventure RPG
Classification +3 ans
Mode(s) Jouable en solo
Support(s) PlayStation Store CD
Langue de la version disponible en France Voix en français Textes en français"
2996,Need for Speed (2015),XOne,2015.0,Racing,Electronic Arts,0.3,0.33,0.0,0.06,0.68,no_data,no_data,no_data,no_data
2997,Cars: Mater-National Championship,DS,2007.0,Racing,THQ,0.63,0.01,0.0,0.05,0.68,no_data,no_data,no_data,no_data
2998,FIFA Soccer 06,XB,2005.0,Sports,Electronic Arts,0.29,0.38,0.0,0.01,0.68,no_data,no_data,no_data,no_data
2999,Hidden Objects: Mystery Stories,DS,2009.0,Adventure,GSP,0.19,0.43,0.0,0.05,0.68,--,(5),9.4,"Editeur(s) / Développeur(s) Emme
Sortie France 13 sept. 2009
Genre(s) Aventure
Support(s) Cartouche"
3000,Red Steel,Wii,2006.0,Shooter,Ubisoft,0.55,0.04,0.04,0.05,0.68,10,(322),14.5,"Editeur(s) / Développeur(s) Ubisoft
Sortie France 07 déc. 2006
Genre(s) FPS Action
Classification +16 ans
Mode(s) Multi sur le même écran
Nombre maximum de joueurs 4 joueurs en écran splitté
Web Site officiel
Support(s) DVD"
3001,Fight Night 2004,XB,2004.0,Fighting,Electronic Arts,0.51,0.15,0.0,0.02,0.68,16,(17),18.9,"Editeur(s) / Développeur(s) EA Sports Electronic Arts
Sortie France 29 avr. 2004
Genre(s) Combat Sport
Classification +16 ans
Support(s) DVD
Date de sortie (aux Etats-Unis) 05 avril 2004
Langue de la version disponible en France Voix en français Textes en français"
3002,Tourist Trophy: The Real Riding Simulator,PS2,2006.0,Racing,Sony Computer Entertainment,0.28,0.22,0.11,0.07,0.68,no_data,no_data,no_data,no_data
3003,Mass Effect,PC,2008.0,Role-Playing,Electronic Arts,0.0,0.59,0.0,0.09,0.68,18,(697),17.5,"Editeur(s) / Développeur(s) BioWare Electronic Arts
Sortie France 05 juin 2008
Genre(s) Action RPG
Thème(s) Extraterrestres
Classification +18 ans
Mode(s) Jouable en solo
Modèle(s) économique(s) Payant à l'acquisition
Support(s) DVD
Date de sortie (aux Etats-Unis) 28 mai 2008
Langue de la version disponible en France Voix en français Textes en français"
3004,.hack//Mutation Part 2,PS2,2002.0,Role-Playing,Atari,0.23,0.18,0.2,0.06,0.68,14,(19),16.4,"Editeur(s) / Développeur(s) Bandai CyberConnect2
Sortie France 18 juin 2004
Genre(s) RPG
Classification +12 ans
Mode(s) Jouable en solo
Nombre maximum de joueurs Non
Support(s) DVD
Date de sortie (aux Etats-Unis) 06 mai 2003
Date de sortie (au Japon) 19 février 2002
Langue de la version disponible en France Textes en français Voix en anglais"
3005,Country Dance,Wii,2011.0,Misc,Funbox Media,0.59,0.04,0.0,0.04,0.68,10,(4),10.3,"Editeur(s) / Développeur(s) GameMill Publishing
Sortie France 19 août 2011
Genre(s) Rythme
Classification +12 ans
Nombre maximum de joueurs 2 à 4 joueurs
Support(s) DVD
Date de sortie (aux Etats-Unis) 29 mars 2011
Langue de la version disponible en France Voix en anglais Textes en anglais"
3006,Turok,PS3,2008.0,Action,Touchstone,0.35,0.22,0.01,0.1,0.68,9,(118),14,"Editeur(s) / Développeur(s) Disney Interactive Propaganda Games
Sortie France 07 févr. 2008
Genre(s) FPS
Classification +18 ans
Nombre maximum de joueurs 2-16 joueurs
Web Site officiel
Support(s) Blu-Ray
Date de sortie (aux Etats-Unis) 05 février 2008
Date de sortie (au Japon) 2ème trimestre 2008"
3007,Midway Arcade Treasures 2,PS2,2004.0,Misc,Midway Games,0.33,0.26,0.0,0.09,0.68,10,(2),11.5,"Editeur(s) / Développeur(s) Midway
Sortie France 05 nov. 2004
Genre(s) Compilation
Classification +16 ans
Nombre maximum de joueurs 2 joueurs
Support(s) DVD
Langue de la version disponible en France Voix en anglais Textes en anglais"
3008,100 Classic Books,DS,2008.0,Misc,Nintendo,0.13,0.52,0.0,0.02,0.67,14,(42),15.4,"Editeur(s) / Développeur(s) Nintendo
Sortie France 05 mars 2010
Genre(s) Autres
Classification +3 ans
Nombre maximum de joueurs possibilité d'échanger des ouvrages téléchargés
Support(s) Cartouche
Date de sortie (aux Etats-Unis) 26 décembre 2008"
3009,Unreal Tournament III,PS3,2007.0,Shooter,Midway Games,0.33,0.24,0.0,0.11,0.67,16,(84),16.8,"Editeur(s) / Développeur(s) Midway Epic Games
Sortie France 22 févr. 2008
Genre(s) FPS
Classification +18 ans
Nombre maximum de joueurs Jusqu'à 16 joueurs
Web Site officiel
Support(s) Blu-Ray
Date de sortie (aux Etats-Unis) 10 décembre 2007
Langue de la version disponible en France Voix en français Textes en français"
3010,Final Fantasy Crystal Chronicles: Ring of Fates,DS,2007.0,Role-Playing,Square Enix,0.22,0.01,0.42,0.02,0.67,16,(159),17.4,"Editeur(s) / Développeur(s) Square Enix
Sortie France 20 mars 2008
Genre(s) RPG Action
Classification +12 ans
Nombre maximum de joueurs jusqu'à 4 joueurs
Web Site officiel
Support(s) Cartouche
Date de sortie (aux Etats-Unis) 11 mars 2008
Date de sortie (au Japon) 23 août 2007
Langue de la version disponible en France Voix en français Textes en français"
3011,Return to Castle Wolfenstein: Tides of War,XB,2003.0,Shooter,Activision,0.49,0.16,0.0,0.02,0.67,15,(25),15.5,"Editeur(s) / Développeur(s) Activision id Software
Sortie France 06 juin 2003
Genre(s) FPS
Classification +16 ans
Nombre maximum de joueurs 2 à 16 joueurs
Support(s) DVD
Langue de la version disponible en France Voix en français Textes en français"
3012,Need for Speed Rivals,XOne,2013.0,Racing,Electronic Arts,0.45,0.17,0.0,0.05,0.67,15,(53),14.4,"Editeur(s) / Développeur(s) Ghost Games Electronic Arts
Sortie France 21 nov. 2013
Genre(s) Course
Thème(s) Automobile
Classification +7 ans
Mode(s) Jouable en solo Multi en ligne
Web Site officiel
Modèle(s) économique(s) Payant à l'acquisition
Support(s) Blu-Ray DVD
Langue de la version disponible en France Voix en français Textes en français"
3013,Lollipop Chainsaw,PS3,2012.0,Action,Warner Bros. Interactive Entertainment,0.26,0.21,0.11,0.09,0.67,14,(91),14.7,"Editeur(s) / Développeur(s) Grasshopper Manufacture Inc Warner Interactive
Sortie France 15 juin 2012
Genre(s) Action
Classification +18 ans
Mode(s) Jouable en solo Multi en ligne
Nombre maximum de joueurs non (scores en ligne uniquement)
Web Site officiel
Support(s) Blu-Ray
Langue de la version disponible en France Textes en français Voix en anglais"
3014,The Darkness,PS3,2007.0,Shooter,Take-Two Interactive,0.2,0.34,0.0,0.13,0.67,16,(91),16.4,"Editeur(s) / Développeur(s) Starbreeze Studios 2K Games
Sortie France 29 juin 2007
Genre(s) Action
Web Site officiel
Support(s) Blu-Ray"
3015,Street Sk8er,PS,1998.0,Sports,Electronic Arts,0.37,0.25,0.0,0.04,0.67,16,(1),19,"Editeur(s) / Développeur(s) Microïds Electronic Arts
Sortie France 31 mars 2000
Genre(s) Sport
Classification +3 ans
Support(s) CD PlayStation Store
Langue de la version disponible en France Voix en français Textes en français"
3016,Club Penguin: Elite Penguin Force - Herbert's Revenge,DS,2010.0,Adventure,Disney Interactive Studios,0.4,0.22,0.0,0.06,0.67,--,(2),14.5,"Editeur(s) / Développeur(s) Disney Interactive 1st Playable Productions
Sortie France Date de sortie inconnue
Genre(s) Aventure Action
Support(s) Cartouche
Date de sortie (aux Etats-Unis) 23 mai 2010"
3017,Contra: Legacy of War,PS,1996.0,Shooter,Konami Digital Entertainment,0.37,0.25,0.0,0.04,0.67,--,(1),6,"Editeur(s) / Développeur(s) Appaloosa Konami
Sortie France 30 mars 1997
Genre(s) Action Tir Autres
Mode(s) Jouable en solo Multi en coopératif
Modèle(s) économique(s) Payant à l'acquisition
Support(s) CD
Date de sortie (aux Etats-Unis) 29 novembre 1997
Langue de la version disponible en France Textes en anglais"
3018,Blazing Angels: Squadrons of WWII,PS3,2006.0,Simulation,Ubisoft,0.35,0.22,0.0,0.1,0.67,13,(17),13.5,"Editeur(s) / Développeur(s) Ubisoft
Sortie France 22 mars 2007
Genre(s) Simulation Action
Classification +12 ans
Mode(s) Multi sur le même écran Multi en local
Nombre maximum de joueurs 2 joueurs en écran splitté et jusqu'à 16 en LAN ou sur le Playstation Network
Web Site officiel
Support(s) Blu-Ray"
3019,Fight Night Round 2004,XB,2004.0,Fighting,Electronic Arts,0.46,0.18,0.0,0.03,0.67,no_data,no_data,no_data,no_data
3020,Wolfenstein: The New Order,XOne,2014.0,Shooter,Bethesda Softworks,0.33,0.28,0.0,0.06,0.67,17,(17),15.8,"Editeur(s) / Développeur(s) Bethesda Softworks Machine Games
Sortie France 27 oct. 2017
Genre(s) FPS
Classification +18 ans
Mode(s) Jouable en solo
Web Site officiel
Modèle(s) économique(s) Payant à l'acquisition
Support(s) Windows Store DVD PlayStation Store eShop Steam Blu-Ray
Langue de la version disponible en France Voix en français Textes en français"
3021,The Biggest Loser: Challenge,Wii,2010.0,Sports,THQ,0.49,0.13,0.0,0.05,0.67,--,(1),20,"Editeur(s) / Développeur(s) THQ
Sortie France 3ème trimestre 2010
Genre(s) Coaching Sport
Support(s) DVD"
3022,Zaidan Houjin Nippon Kanji Nouryoko Kentei Kyoukai Kounin: KanKen DS,DS,2006.0,Misc,Rocket Company,0.0,0.0,0.67,0.0,0.67,no_data,no_data,no_data,no_data
3023,Spice World,PS,1998.0,Action,Sony Computer Entertainment,0.37,0.25,0.0,0.04,0.67,--,(3),7.3,"Editeur(s) / Développeur(s) Sony Sony Computer Entertainment
Sortie France Date de sortie inconnue
Genre(s) Autres
Support(s) CD
Date de sortie (aux Etats-Unis) 1998"
3024,Star Wars: Republic Commando,XB,2005.0,Shooter,Activision,0.48,0.17,0.0,0.02,0.67,--,no_data,no_data,"Editeur(s) / Développeur(s) Aspyr Lucasfilm Games THQ Nordic
Sortie France 16 nov. 2021
Genre(s) FPS Course
Classification +12 ans"
3025,Armored Core 3,PS2,2002.0,Simulation,Metro 3D,0.22,0.17,0.23,0.06,0.67,11,(8),17.8,"Editeur(s) / Développeur(s) Metro3D From Software
Sortie France 15 juin 2003
Genre(s) Action
Classification +3 ans
Nombre maximum de joueurs jusqu'à 4
Web Site officiel
Support(s) DVD
Langue de la version disponible en France Voix en anglais Textes en anglais"
3026,Need For Speed: Undercover,Wii,2008.0,Racing,Electronic Arts,0.27,0.32,0.0,0.07,0.67,13,(100),13.3,"Editeur(s) / Développeur(s) EA Black Box Electronic Arts
Sortie France 20 nov. 2008
Genre(s) Course
Classification +12 ans
Mode(s) Multi sur le même écran
Nombre maximum de joueurs Jusqu'à 4 joueurs en écran splitté
Web Site officiel
Support(s) DVD
Date de sortie (aux Etats-Unis) 18 novembre 2008
Langue de la version disponible en France Voix en français Textes en français"
3027,Taiko no Tatsujin Wii,Wii,2008.0,Misc,Namco Bandai Games,0.0,0.0,0.67,0.0,0.67,--,(0),--,"Sortie France Date de sortie inconnue
Date de sortie (au Japon) 11 décembre 2008"
3028,The Witcher 3: Wild Hunt,PC,2015.0,Role-Playing,Namco Bandai Games,0.2,0.42,0.0,0.05,0.67,19,(136),18.9,"Sortie France 31 mai 2016
Genre(s) RPG
Classification +18 ans
Modèle(s) économique(s) Payant à l'acquisition
Support(s) Steam"
3029,Virtua Tennis: World Tour (US & Others sales),PSP,2005.0,Sports,Sega,0.16,0.36,0.0,0.14,0.67,no_data,no_data,no_data,no_data
3030,The LEGO Movie Videogame,PS4,2014.0,Action,Warner Bros. Interactive Entertainment,0.24,0.31,0.01,0.11,0.67,13,(15),14,"Editeur(s) / Développeur(s) Warner Bros Games TT Games
Sortie France 19 févr. 2014
Genre(s) Action Aventure
Classification +7 ans
Mode(s) Jouable en solo Multi en local
Nombre maximum de joueurs 2 joueurs
Modèle(s) économique(s) Payant à l'acquisition
Support(s) Blu-Ray
Langue de la version disponible en France Voix en français Textes en français"
3031,Ratatouille,PSP,2007.0,Action,THQ,0.22,0.28,0.0,0.16,0.67,10,(22),14.1,"Editeur(s) / Développeur(s) Locomotive Games THQ
Sortie France 03 août 2007
Genre(s) Plate-Forme Action
Classification +3 ans
Nombre maximum de joueurs 1 à 2 joueurs en WiFi
Web Site officiel
Support(s) UMD
Date de sortie (aux Etats-Unis) 26 juin 2007"
3032,RIFT,PC,2011.0,Role-Playing,Unknown,0.44,0.16,0.0,0.07,0.67,17,(412),16.2,"Editeur(s) / Développeur(s) Trion Worlds
Sortie France 04 mars 2011
Genre(s) RPG MMO
Classification +12 ans
Mode(s) Multi en ligne
Nombre maximum de joueurs online
Web Site officiel
Modèle(s) économique(s) Free to play
Support(s) DVD
Configuration minimale Windows XP/Vista, processeur Dual Core 2.0 Ghz, 2 Go de Ram, carte graphique nVidia GeForce 5900 ou ATI Radeon X300, 15 Go d'espace libre sur le disque dur
Configuration conseillée Windows XP/Vista, processeur Core 2 Duo 2.2 Ghz, 4 Go de Ram, carte graphique nVidia GTS 250 ou équivalent ATI, 15 Go d'espace libre sur le disque dur"
3033,Wild ARMs 2,PS,1999.0,Role-Playing,Sony Computer Entertainment,0.19,0.13,0.31,0.04,0.67,--,(6),15.3,"Editeur(s) / Développeur(s) Sony Atlus Contrail Psikyo
Sortie France Date de sortie inconnue
Genre(s) RPG
Support(s) PlayStation Store CD
Date de sortie (aux Etats-Unis) 30 avril 2000
Date de sortie (au Japon) 02 septembre 1999"
3034,Summer Sports: Paradise Island (Others sales),Wii,2008.0,Sports,Ubisoft,0.0,0.66,0.0,0.01,0.67,no_data,no_data,no_data,no_data
3035,Castlevania: Lords of Shadow,X360,2010.0,Action,Konami Digital Entertainment,0.42,0.18,0.01,0.05,0.67,18,(4),16.8,"Editeur(s) / Développeur(s) MercurySteam Entertainment Konami
Sortie France 25 mars 2014
Genre(s) Action Plate-Forme
Classification +16 ans
Mode(s) Jouable en solo
Support(s) Contenu Xbox Live PlayStation Store Online
Langue de la version disponible en France Textes en français Voix en anglais"
3036,BioShock Infinite,PC,2013.0,Shooter,Take-Two Interactive,0.28,0.3,0.0,0.08,0.67,19,(1042),17.5,"Editeur(s) / Développeur(s) 2K Games Irrational Games
Sortie France 26 mars 2013
Genre(s) FPS Aventure
Thème(s) Steampunk
Classification +18 ans
Mode(s) Jouable en solo
Modèle(s) économique(s) Payant à l'acquisition
Support(s) DVD
Langue de la version disponible en France Voix en français Textes en français
Configuration minimale Système d'exploitation : Windows Vista Service Pack 2 32-bit Processeur : Intel Core 2 DUO 2.4 GHz / AMD Athlon X2 2.7 GHz Mémoire vive : 2 Go de RAM Disque dur : 20 Go d'espace disque disponible Carte graphique : Carte vidéo compatible DirectX10, ATI Radeon HD 3870 / NVIDIA 8800 GT / Intel HD 3000 Mémoire vidéo : 512 Mo Son : Compatible DirectX
Configuration conseillée Système d'exploitation : Windows 7 Service Pack 1 64-bit Processeur : Quadri-cœur Mémoire vive : 4 Go de RAM Disque dur : 30 Go d'espace disque disponible Carte graphique : Carte vidéo compatible DirectX11, ATI Radeon HD 6950 / NVIDIA GTX 560 Mémoire vidéo : 1 Go Son : Compatible DirectX"
3037,Minecraft: Story Mode,PS4,2015.0,Adventure,Mojang,0.23,0.33,0.0,0.11,0.67,--,no_data,no_data,"Editeur(s) / Développeur(s) Telltale Games
Sortie France 19 déc. 2017
Genre(s) Aventure Point'n Click
Mode(s) Jouable en solo"
3038,TV Show King Party,Wii,2008.0,Puzzle,Ubisoft,0.18,0.41,0.0,0.08,0.67,--,(16),16.1,"Editeur(s) / Développeur(s) Gameloft Ubisoft
Sortie France 13 nov. 2008
Genre(s) Party-Game
Classification +3 ans
Nombre maximum de joueurs 4 joueurs
Support(s) DVD
Langue de la version disponible en France Voix en français Textes en français"
3039,Crafting Mama,DS,2010.0,Simulation,505 Games,0.4,0.21,0.01,0.05,0.67,12,(5),14.6,"Editeur(s) / Développeur(s) Cooking Mama Limited 505 Games
Sortie France 19 nov. 2010
Genre(s) Autres
Classification +3 ans
Nombre maximum de joueurs 2 à 4 joueurs
Support(s) Cartouche
Date de sortie (aux Etats-Unis) 26 octobre 2010
Langue de la version disponible en France Voix en français Textes en français"
3040,007: Quantum of Solace,Wii,2008.0,Action,Activision,0.3,0.29,0.01,0.07,0.67,11,(108),14.4,"Editeur(s) / Développeur(s) Beenox Studios Activision
Sortie France 31 oct. 2008
Genre(s) FPS
Classification +16 ans
Nombre maximum de joueurs 2 à 4 joueurs
Support(s) DVD
Langue de la version disponible en France Voix en français Textes en français"
3041,Rock Band 3,Wii,2010.0,Misc,MTV Games,0.56,0.06,0.0,0.05,0.67,19,(22),16.4,"Editeur(s) / Développeur(s) Harmonix Electronic Arts
Sortie France 29 oct. 2010
Genre(s) Rythme
Classification +12 ans
Nombre maximum de joueurs De 2 à 7 joueurs
Support(s) DVD
Date de sortie (aux Etats-Unis) 26 octobre 2010
Langue de la version disponible en France Voix en français Textes en français"
3042,Command & Conquer: Red Alert 3,PC,2008.0,Strategy,Electronic Arts,0.01,0.64,0.0,0.02,0.67,no_data,no_data,no_data,no_data
3043,The Fairly Odd Parents: Breakin Da Rules,PS2,2003.0,Platform,THQ,0.33,0.25,0.0,0.09,0.67,--,(1),13,"Editeur(s) / Développeur(s) THQ Blitz Games
Sortie France Date de sortie inconnue
Genre(s) Plate-Forme Action
Support(s) DVD
Date de sortie (aux Etats-Unis) 03 novembre 2003"
3044,WWE SmackDown vs. RAW 2007,PSP,2006.0,Fighting,THQ,0.33,0.2,0.0,0.14,0.67,15,(19),16.3,"Editeur(s) / Développeur(s) THQ
Sortie France 22 déc. 2006
Genre(s) Combat Sport
Classification +12 ans
Support(s) UMD"
3045,Peppa Pig: Fun and Games,DS,2010.0,Misc,Ubisoft,0.0,0.58,0.0,0.09,0.67,no_data,no_data,no_data,no_data
3046,Adventures of Tron,2600,1981.0,Action,Mattel Interactive,0.63,0.03,0.0,0.01,0.67,--,no_data,no_data,"Sortie France 1991
Genre(s) Stratégie Action
Classification +3 ans
Support(s) Disquette"
3047,Phoenix Wright: Ace Attorney - Trials and Tribulations,DS,2007.0,Adventure,Capcom,0.33,0.05,0.25,0.04,0.67,--,(4),16.3,"Editeur(s) / Développeur(s) Capcom
Sortie France 30 mai 2013
Genre(s) Compilation Réflexion Aventure
Support(s) App Store"
3048,NHL 13,X360,2012.0,Sports,Electronic Arts,0.51,0.11,0.0,0.05,0.67,16,(30),16.5,"Editeur(s) / Développeur(s) EA Canada EA Sports
Sortie France 14 sept. 2012
Genre(s) Sport
Classification +12 ans
Mode(s) Multi en ligne
Support(s) DVD Blu-Ray
Date de sortie (aux Etats-Unis) 11 septembre 2012
Langue de la version disponible en France Textes en français Voix en anglais"
3049,Borderlands: The Pre-Sequel,PS3,2014.0,Shooter,Take-Two Interactive,0.25,0.26,0.05,0.11,0.67,15,(25),11.4,"Editeur(s) / Développeur(s) Gearbox Software 2K Games
Sortie France 29 mai 2020
Genre(s) RPG FPS"
3050,The Sims 3: High-End Loft Stuff,PC,2010.0,Simulation,Electronic Arts,0.01,0.53,0.0,0.12,0.67,no_data,no_data,no_data,no_data
3051,"The Chronicles of Narnia: The Lion, The Witch and The Wardrobe",GBA,,Action,Disney Interactive Studios,0.48,0.18,0.0,0.01,0.67,10,(10),10.9,"Editeur(s) / Développeur(s) Amaze Entertainment Disney Interactive
Sortie France 24 nov. 2005
Genre(s) Action Aventure
Classification +7 ans
Nombre maximum de joueurs 2 joueurs
Support(s) Cartouche
Langue de la version disponible en France Voix en français Textes en français"
3052,Zaidan Houjin Nippon Kanji Nouryoku Kentei Kyoukai Koushiki Soft: 200 Mannin no KanKen: Tokoton Kanji Nou,DS,2006.0,Misc,IE Institute,0.0,0.0,0.66,0.0,0.66,no_data,no_data,no_data,no_data
3053,Pro Pinball: Big Race USA,PS,1999.0,Simulation,Take-Two Interactive,0.37,0.25,0.0,0.04,0.66,--,(3),12.7,"Editeur(s) / Développeur(s) Ubisoft Empire Interactive
Sortie France nov. 1998
Genre(s) Sport
Mode(s) Multi en local Multi en ligne
Nombre maximum de joueurs Par LAN / Internet / Modem
Support(s) CD
Langue de la version disponible en France Voix en français Textes en français"
3054,NFL Street,XB,2004.0,Sports,Electronic Arts,0.49,0.15,0.0,0.02,0.66,17,(14),17.5,"Editeur(s) / Développeur(s) EA Tiburon Electronic Arts
Sortie France 18 févr. 2004
Genre(s) Sport
Classification +3 ans
Support(s) CD DVD Nintendo Game Disc
Date de sortie (aux Etats-Unis) 13 janvier 2004
Langue de la version disponible en France Voix en anglais Textes en anglais"
3055,Shaun White Snowboarding,PS3,2008.0,Sports,Ubisoft,0.31,0.24,0.01,0.1,0.66,14,(70),15.7,"Editeur(s) / Développeur(s) Ubisoft Ubisoft Montreal
Sortie France 13 nov. 2008
Genre(s) Sport
Classification +3 ans
Web Site officiel
Support(s) Blu-Ray"
3056,The LEGO Movie Videogame,WiiU,2014.0,Action,Warner Bros. Interactive Entertainment,0.35,0.23,0.03,0.06,0.66,13,(10),15.3,"Editeur(s) / Développeur(s) Warner Bros Games TT Games
Sortie France 19 févr. 2014
Genre(s) Action Aventure
Classification +7 ans
Mode(s) Jouable en solo Multi en local
Nombre maximum de joueurs 2 joueurs
Modèle(s) économique(s) Payant à l'acquisition
Support(s) iDensity
Langue de la version disponible en France Voix en français Textes en français"
3057,Tony Hawk's Proving Ground,PS2,2007.0,Sports,Activision,0.55,0.02,0.0,0.09,0.66,12,(17),12.9,"Editeur(s) / Développeur(s) Neversoft Activision
Sortie France 02 nov. 2007
Genre(s) Sport
Classification +12 ans
Nombre maximum de joueurs 2 joueurs
Support(s) DVD
Langue de la version disponible en France Voix en français Textes en français"
3058,MLB 2004,PS2,2003.0,Sports,Sony Computer Entertainment,0.32,0.25,0.0,0.08,0.66,--,(0),--,"Editeur(s) / Développeur(s) Midway
Sortie France Date de sortie inconnue
Genre(s) Sport
Support(s) CD
Date de sortie (aux Etats-Unis) 17 mars 2003"
3059,Naruto Shippuden: Ultimate Ninja 4,PS2,2007.0,Fighting,Atari,0.26,0.01,0.13,0.26,0.66,--,(3),20,"Sortie France 25 août 2017
Genre(s) Combat"
3060,Tiger Woods PGA Tour 2000,PS,1998.0,Sports,Electronic Arts,0.37,0.25,0.0,0.04,0.66,--,no_data,no_data,"Editeur(s) / Développeur(s) Electronic Arts
Sortie France 1999
Genre(s) Sport
Classification +3 ans
Support(s) Cartouche CD"
3061,Darkstone,PS,2001.0,Role-Playing,Electronic Arts,0.37,0.25,0.0,0.04,0.66,17,(45),17.2,"Editeur(s) / Développeur(s) Electronic Arts Artefacts Studio Anuman Interactive Delphine Software International
Sortie France 07 sept. 1999
Genre(s) Action RPG
Classification +12 ans
Mode(s) Jouable en solo
Support(s) Google Play CD App Store
Langue de la version disponible en France Voix en français Textes en français"
3062,NCAA March Madness 2003,PS2,2002.0,Sports,Electronic Arts,0.32,0.25,0.0,0.08,0.66,no_data,no_data,no_data,no_data
3063,Finding Nemo,XB,2003.0,Action,THQ,0.48,0.16,0.0,0.02,0.66,7,(3),5.7,"Editeur(s) / Développeur(s) Disney Interactive Altron
Sortie France 16 janv. 2013
Genre(s) Aventure
Classification +3 ans
Mode(s) Jouable en solo
Nombre maximum de joueurs Non
Support(s) Cartouche
Langue de la version disponible en France Voix en français Textes en français"
3064,Thrillville,PS2,2006.0,Strategy,Atari,0.55,0.02,0.0,0.09,0.66,14,(12),18.2,"Editeur(s) / Développeur(s) Frontier Developments LucasArts
Sortie France 15 déc. 2006
Genre(s) Gestion
Classification +7 ans
Nombre maximum de joueurs 2 joueurs
Support(s) DVD
Langue de la version disponible en France Voix en français Textes en français"
3065,NHL 10,X360,2009.0,Sports,Electronic Arts,0.51,0.1,0.0,0.06,0.66,16,(43),17.3,"Editeur(s) / Développeur(s) EA Canada EA Sports
Sortie France 16 sept. 2009
Genre(s) Sport
Classification +16 ans
Mode(s) Multi en ligne Multi en coopératif
Web Site officiel
Support(s) Blu-Ray DVD
Langue de la version disponible en France Textes en français Voix en anglais"
3066,Jikkyou World Soccer 2000 Final Edition,PS2,2000.0,Sports,Konami Digital Entertainment,0.0,0.0,0.66,0.0,0.66,no_data,no_data,no_data,no_data
3067,Madagascar,GC,2005.0,Platform,Activision,0.52,0.13,0.0,0.02,0.66,11,(11),14.6,"Editeur(s) / Développeur(s) Toys For Bob Vicarious Visions Activision
Sortie France 17 juin 2005
Genre(s) Action Plate-Forme
Classification +3 ans
Mode(s) Jouable en solo
Web Site officiel
Support(s) CD Cartouche DVD Nintendo Game Disc
Langue de la version disponible en France Voix en français Textes en français"
3068,Puzzler Brain Games,Wii,2012.0,Puzzle,Namco Bandai Games,0.0,0.0,0.66,0.0,0.66,--,(3),15,"Editeur(s) / Développeur(s) Blue Brain Games
Sortie France 28 juil. 2022
Genre(s) Réflexion"
3069,Dragon Quest Monsters: Caravan Heart,GBA,2003.0,Role-Playing,Enix Corporation,0.0,0.0,0.64,0.02,0.66,--,(1),20,"Editeur(s) / Développeur(s) Enix
Sortie France Date de sortie inconnue
Genre(s) RPG
Support(s) Cartouche
Date de sortie (au Japon) 29 mars 2003"
3070,Strawberry Shortcake: Summertime Adventure,GBA,2004.0,Adventure,Majesco Entertainment,0.47,0.18,0.0,0.01,0.66,no_data,no_data,no_data,no_data
3071,Rayman Legends,PS3,2013.0,Platform,Ubisoft,0.14,0.38,0.0,0.14,0.66,17,(175),17.4,"Editeur(s) / Développeur(s) Ubisoft Montpellier Ubisoft
Sortie France 29 août 2013
Genre(s) Plate-Forme
Thème(s) Fantastique
Classification +7 ans
Mode(s) Jouable en solo Multi en local
Nombre maximum de joueurs 4 joueurs
Modèle(s) économique(s) Payant à l'acquisition
Support(s) Blu-Ray
Date de sortie (aux Etats-Unis) 03 septembre 2013
Date de sortie (au Japon) 17 octobre 2013
Langue de la version disponible en France Voix en français Textes en français"
3072,Rocksmith 2014,PC,2013.0,Misc,Ubisoft,0.35,0.24,0.0,0.07,0.66,15,(16),17.1,"Editeur(s) / Développeur(s) Ubisoft
Sortie France 24 oct. 2013
Genre(s) Rythme
Classification +12 ans
Mode(s) Jouable en solo Multi en local
Nombre maximum de joueurs 2 joueurs
Web Site officiel
Modèle(s) économique(s) Payant à l'acquisition
Support(s) DVD
Langue de la version disponible en France Voix en français Textes en français"
3073,Street Fighter Anniversary Collection,PS2,2004.0,Fighting,Capcom,0.32,0.25,0.0,0.08,0.66,--,(1),19,"Editeur(s) / Développeur(s) Capcom
Sortie France Date de sortie inconnue
Genre(s) Compilation Combat
Classification +16 ans
Nombre maximum de joueurs 1 à 2 joueurs
Support(s) DVD
Date de sortie (aux Etats-Unis) 31 août 2004
Langue de la version disponible en France Voix en anglais Textes en anglais"
3074,Legend of Legaia,PS,1998.0,Role-Playing,Sony Computer Entertainment,0.37,0.25,0.0,0.04,0.66,13,(45),17,"Editeur(s) / Développeur(s) Contrail Sony
Sortie France 20 mai 2000
Genre(s) RPG
Classification +3 ans
Mode(s) Jouable en solo
Nombre maximum de joueurs Non
Support(s) CD
Langue de la version disponible en France Voix en français Textes en français"
3075,Napoleon: Total War,PC,2010.0,Strategy,Sega,0.02,0.52,0.0,0.12,0.66,--,(14),14.4,"Editeur(s) / Développeur(s) The Creative Assembly Sega
Sortie France 24 juin 2010
Genre(s) Wargame Stratégie
Classification +16 ans
Nombre maximum de joueurs De 2 à 8 joueurs
Support(s) Online
Date de sortie (aux Etats-Unis) 24 juin 2010
Date de sortie (au Japon) 24 juin 2010
Langue de la version disponible en France Voix en français Textes en français"
3076,Fist of the North Star: Ken's Rage,PS3,2010.0,Action,Ubisoft Annecy,0.06,0.03,0.55,0.02,0.66,10,(100),15.1,"Editeur(s) / Développeur(s) Tecmo Koei
Sortie France 08 févr. 2013
Genre(s) Action Beat'em All
Classification +18 ans
Mode(s) Multi en ligne
Nombre maximum de joueurs 2 joueurs en local, jusqu'à 8 joueurs en ligne
Support(s) Blu-Ray
Date de sortie (au Japon) 20 décembre 2012
Langue de la version disponible en France Textes en français Voix en japonais"
3077,Wario: Master of Disguise,DS,2007.0,Platform,Nintendo,0.28,0.02,0.33,0.03,0.66,13,(45),14.8,"Editeur(s) / Développeur(s) Nintendo
Sortie France 01 juin 2007
Genre(s) Réflexion Plate-Forme
Classification +7 ans
Mode(s) Jouable en solo
Nombre maximum de joueurs non
Web Site officiel
Support(s) Cartouche
Date de sortie (aux Etats-Unis) 05 mars 2007"
3078,Toy Story 3: The Video Game,PSP,2010.0,Action,Disney Interactive Studios,0.27,0.25,0.0,0.14,0.66,no_data,no_data,no_data,no_data
3079,The Sims: Bustin' Out,GC,2003.0,Simulation,Electronic Arts,0.43,0.2,0.0,0.03,0.66,14,(5),17.8,"Editeur(s) / Développeur(s) Maxis Electronic Arts
Sortie France 17 déc. 2003
Genre(s) Simulation Gestion
Classification +3 ans
Support(s) Cartouche Nintendo Game Disc DVD
Date de sortie (aux Etats-Unis) 15 décembre 2003
Langue de la version disponible en France Voix en français Textes en français"
3080,Tiger Woods PGA Tour 09,PS3,2008.0,Sports,Electronic Arts,0.34,0.22,0.0,0.1,0.66,15,(3),16.3,"Editeur(s) / Développeur(s) EA Sports Electronic Arts
Sortie France 28 août 2008
Genre(s) Sport
Classification +3 ans
Mode(s) Multi en ligne
Nombre maximum de joueurs 4 joueurs simultanément en ligne
Support(s) Blu-Ray"
3081,Keystone Kapers,2600,1982.0,Action,Activision,0.62,0.04,0.0,0.01,0.66,no_data,no_data,no_data,no_data
3082,LEGO Marvel Super Heroes,PSV,2013.0,Action,Warner Bros. Interactive Entertainment,0.15,0.35,0.0,0.16,0.66,16,(2),20,"Editeur(s) / Développeur(s) Warner Interactive TT Games Traveller's Tales
Sortie France 15 nov. 2013
Genre(s) Action Aventure
Thème(s) Super-Héros
Classification +7 ans
Mode(s) Jouable en solo Multi en local
Modèle(s) économique(s) Payant à l'acquisition
Support(s) Blu-Ray DVD iDensity Cartouche App Store New Game Media
Langue de la version disponible en France Voix en français Textes en français"
3083,New Play Control! Pikmin,Wii,2008.0,Strategy,Nintendo,0.29,0.14,0.19,0.04,0.66,15,(61),17.4,"Editeur(s) / Développeur(s) Nintendo
Sortie France 24 avr. 2009
Genre(s) Stratégie
Classification +3 ans
Nombre maximum de joueurs jusqu'à 2 joueurs
Web Site officiel
Support(s) DVD
Date de sortie (au Japon) mars 2009
Langue de la version disponible en France Voix en français Textes en français"
3084,Shrek: Hassle at the Castle,GBA,2002.0,Action,TDK Mediactive,0.47,0.17,0.0,0.01,0.66,--,no_data,no_data,"Editeur(s) / Développeur(s) TOSE TDK Mediactive
Sortie France 24 oct. 2003
Genre(s) Action Plate-Forme
Mode(s) Jouable en solo
Modèle(s) économique(s) Payant à l'acquisition
Support(s) Cartouche
Date de sortie (aux Etats-Unis) 30 juillet 2003
Langue de la version disponible en France Textes en anglais"
3085,Suikoden IV,PS2,2004.0,Role-Playing,Konami Digital Entertainment,0.17,0.13,0.3,0.05,0.66,15,(58),14.7,"Editeur(s) / Développeur(s) Konami
Sortie France 24 févr. 2005
Genre(s) RPG
Classification +7 ans
Web Site officiel
Support(s) DVD
Langue de la version disponible en France Textes en français Voix en anglais"
3086,Gods Eater Burst,PSP,2010.0,Action,Namco Bandai Games,0.03,0.0,0.62,0.0,0.66,13,(67),17.2,"Editeur(s) / Développeur(s) Bandai Namco
Sortie France 18 mars 2011
Genre(s) RPG Action
Thème(s) Fantasy
Classification +12 ans
Mode(s) Multi en local
Nombre maximum de joueurs 2 à 4 joueurs en réseau local
Web Site officiel
Modèle(s) économique(s) Payant à l'acquisition
Support(s) UMD
Date de sortie (aux Etats-Unis) 08 mars 2011
Date de sortie (au Japon) 28 octobre 2010"
3087,Disney's Kim Possible 2: Drakken's Demise,GBA,2004.0,Platform,Disney Interactive Studios,0.47,0.17,0.0,0.01,0.66,no_data,no_data,no_data,no_data
3088,Um Jammer Lammy,PS,1998.0,Misc,Sony Computer Entertainment,0.12,0.08,0.41,0.04,0.66,15,(7),15.4,"Editeur(s) / Développeur(s) Nanaon-Sha Sony
Sortie France 29 nov. 1999
Genre(s) Rythme
Classification +3 ans
Support(s) PlayStation Store CD"
3089,Brothers In Arms: Road to Hill 30,XB,2005.0,Shooter,Ubisoft,0.49,0.14,0.0,0.02,0.66,14,(43),16.7,"Editeur(s) / Développeur(s) Gearbox Software Ubisoft
Sortie France 17 mars 2005
Genre(s) FPS Tactique
Classification +12 ans
Mode(s) Jouable en solo
Web Site officiel
Support(s) DVD
Langue de la version disponible en France Voix en français Textes en français"
3090,Madden NFL 10,PSP,2009.0,Sports,Electronic Arts,0.5,0.08,0.0,0.08,0.66,--,(3),16,"Editeur(s) / Développeur(s) Electronic Arts EA Sports
Sortie France Date de sortie inconnue
Genre(s) Sport
Support(s) UMD
Date de sortie (aux Etats-Unis) août 2009"
3091,"Transformers: The Game (XBox 360, PS2, PS3, Wii & PC Versions)",PSP,2007.0,Action,Activision,0.23,0.27,0.0,0.16,0.66,no_data,no_data,no_data,no_data
3092,Taiko no Tatsujin DS: Touch de Dokodon!,DS,2007.0,Misc,Namco Bandai Games,0.0,0.0,0.66,0.0,0.66,no_data,no_data,no_data,no_data
3093,F1 2015,PS4,2015.0,Racing,Codemasters,0.09,0.44,0.03,0.09,0.66,13,(69),12,"Editeur(s) / Développeur(s) Codemasters
Sortie France 10 juil. 2015
Genre(s) Course
Thème(s) Formule 1
Mode(s) Jouable en solo Multi sur le même écran Multi en ligne
Support(s) Blu-Ray"
3094,Scene It? Box Office Smash,X360,2008.0,Misc,Microsoft Game Studios,0.33,0.25,0.0,0.07,0.66,15,(16),14.9,"Editeur(s) / Développeur(s) Krome Studios Microsoft
Sortie France 14 nov. 2008
Genre(s) Party-Game Jeu de société
Classification +12 ans
Nombre maximum de joueurs jusqu'à 4 joueurs
Support(s) DVD
Configuration conseillée 4 buzzers"
3095,Animaniacs Ten Pin Alley,PS,1998.0,Sports,ASC Games,0.36,0.25,0.0,0.04,0.66,--,(1),8,"Editeur(s) / Développeur(s) ASC Games Saffire Corporation
Sortie France Date de sortie inconnue
Genre(s) Autres
Classification +3 ans
Support(s) CD
Date de sortie (aux Etats-Unis) 04 décembre 1998"
3096,Disney Infinity 2.0: Marvel Super Heroes,WiiU,2014.0,Action,Disney Interactive Studios,0.38,0.22,0.0,0.06,0.65,--,(1),16,"Editeur(s) / Développeur(s) Avalanche Software Disney Interactive
Sortie France 18 sept. 2014
Genre(s) Action Création
Classification +7 ans
Mode(s) Jouable en solo Multi sur le même écran
Nombre maximum de joueurs 2 joueurs en écran splitté, 4 dans la Toy Box
Modèle(s) économique(s) Payant à l'acquisition
Support(s) iDensity
Langue de la version disponible en France Voix en français Textes en français"
3097,NHL 13,PS3,2012.0,Sports,Electronic Arts,0.33,0.22,0.0,0.1,0.65,16,(43),16.1,
3098,Kung Fu Panda,PS2,2008.0,Action,Activision,0.24,0.0,0.0,0.41,0.65,13,(1),15,"Editeur(s) / Développeur(s) Little Orbit Vicious Cycle
Sortie France 27 nov. 2015
Genre(s) Action Aventure
Classification +7 ans
Mode(s) Jouable en solo Multi en local Multi en ligne
Modèle(s) économique(s) Payant à l'acquisition"
3099,Tom Clancy's EndWar,PS3,2008.0,Strategy,Ubisoft,0.32,0.22,0.01,0.1,0.65,17,(60),16.4,"Editeur(s) / Développeur(s) Ubisoft Shanghai Ubisoft
Sortie France 06 nov. 2008
Genre(s) Stratégie Action
Classification +16 ans
Web Site officiel
Support(s) Blu-Ray"
3100,The Evil Within,XOne,2014.0,Action,Bethesda Softworks,0.35,0.25,0.0,0.05,0.65,16,(89),15.9,"Editeur(s) / Développeur(s) Tango Gameworks studio Bethesda Softworks
Sortie France 14 oct. 2014
Genre(s) Survival-Horror
Thème(s) Zombies Contemporain Horreur
Classification +18 ans
Mode(s) Jouable en solo
Web Site officiel
Modèle(s) économique(s) Payant à l'acquisition
Support(s) DVD PlayStation Store Xbox Live Arcade Steam Blu-Ray Online
Concepteurs (programmeurs, compositeurs...) Shinji Mikami
Langue de la version disponible en France Voix en français Textes en français"
3101,Tiger Woods PGA Tour 09,X360,2008.0,Sports,Electronic Arts,0.35,0.23,0.0,0.07,0.65,15,(7),16.7,"Editeur(s) / Développeur(s) EA Sports Electronic Arts
Sortie France 28 août 2008
Genre(s) Simulation Sport
Classification +3 ans
Mode(s) Multi en ligne
Support(s) UMD Blu-Ray DVD Cartouche
Langue de la version disponible en France Textes en français Voix en anglais Textes en anglais"
3102,Radiata Stories,PS2,2005.0,Role-Playing,Square Enix,0.18,0.14,0.29,0.05,0.65,--,(4),17,"Editeur(s) / Développeur(s) Tri-Ace Square Enix
Sortie France Date de sortie inconnue
Genre(s) RPG
Classification +3 ans
Web Site officiel
Support(s) DVD
Date de sortie (aux Etats-Unis) 06 septembre 2005
Date de sortie (au Japon) 27 janvier 2005
Langue de la version disponible en France Voix en anglais Textes en anglais Voix en japonais"
3103,F-Zero GX,GC,2003.0,Racing,Nintendo,0.41,0.11,0.12,0.02,0.65,18,(206),17.9,"Editeur(s) / Développeur(s) Sega Nintendo
Sortie France 31 oct. 2003
Genre(s) Course
Classification +3 ans
Nombre maximum de joueurs 2 à 4 joueurs
Web Site officiel
Support(s) Nintendo Game Disc
Langue de la version disponible en France Textes en français Voix en anglais"
3104,Disney's Chicken Little,PS2,2005.0,Platform,Disney Interactive Studios,0.32,0.25,0.0,0.08,0.65,11,(1),16,"Editeur(s) / Développeur(s) Buena Vista Interactive Avalanche Software
Sortie France 23 nov. 2006
Genre(s) Action Tir
Classification +7 ans
Nombre maximum de joueurs 2 joueurs
Support(s) DVD
Langue de la version disponible en France Voix en français Textes en français"
3105,Wall-E,PSP,2008.0,Platform,THQ,0.29,0.22,0.0,0.14,0.65,10,(6),15.2,"Editeur(s) / Développeur(s) Asobo Studio THQ
Sortie France 25 juil. 2008
Genre(s) Plate-Forme Action
Classification +3 ans
Nombre maximum de joueurs 2 joueurs
Support(s) UMD
Langue de la version disponible en France Voix en français Textes en français"
3106,Yoshi Topsy-Turvy,GBA,2004.0,Platform,Nintendo,0.25,0.09,0.3,0.01,0.65,no_data,no_data,no_data,no_data
3107,Up,DS,2009.0,Action,THQ,0.31,0.28,0.0,0.07,0.65,--,(1),14,"Editeur(s) / Développeur(s) Mages PQube Limited
Sortie France 07 août 2020
Genre(s) RPG Aventure
Modèle(s) économique(s) Payant à l'acquisition"
3108,Monster Jam: Maximum Destruction,PS2,2002.0,Racing,Ubisoft,0.32,0.25,0.0,0.08,0.65,10,(1),17,"Editeur(s) / Développeur(s) Virtuos Activision
Sortie France 09 nov. 2010
Genre(s) Sport Course
Classification +3 ans
Web Site officiel
Support(s) Cartouche DVD Blu-Ray UMD
Langue de la version disponible en France Voix en français Textes en français"
3109,Real Heroes: Firefighter,Wii,2009.0,Action,Rondomedia,0.56,0.04,0.0,0.05,0.65,--,(1),1,"Sortie France 12 sept. 2012
Genre(s) Action
Support(s) Cartouche"
3110,Cartoon Network Block Party / Cartoon Network Speedway Double Pack,GBA,2005.0,Misc,THQ,0.47,0.17,0.0,0.01,0.65,no_data,no_data,no_data,no_data
3111,World of Dragon Warrior - Torneko: The Last Hope,PS,1999.0,Role-Playing,Enix Corporation,0.02,0.01,0.58,0.04,0.65,--,(2),9,"Editeur(s) / Développeur(s) Enix Chunsoft
Sortie France Date de sortie inconnue
Genre(s) RPG
Support(s) Cartouche
Date de sortie (au Japon) 19 septembre 1993"
3112,Drawn to Life: The Next Chapter,DS,2009.0,Puzzle,THQ,0.45,0.14,0.0,0.06,0.65,--,no_data,no_data,"Editeur(s) / Développeur(s) Digital Continue 505 Games
Sortie France 07 déc. 2020
Genre(s) Réflexion Plate-Forme Aventure
Mode(s) Jouable en solo
Web Site officiel
Modèle(s) économique(s) Payant à l'acquisition
Support(s) Steam eShop App Store Google Play
Langue de la version disponible en France Textes en français"
3113,MLB 14: The Show,PS4,2014.0,Sports,Sony Computer Entertainment America,0.58,0.0,0.0,0.07,0.65,--,(7),17.1,"Editeur(s) / Développeur(s) Sony
Sortie France 07 mai 2014
Genre(s) Simulation Sport
Classification +3 ans
Mode(s) Jouable en solo Multi en local Multi en ligne
Modèle(s) économique(s) Payant à l'acquisition
Support(s) Blu-Ray
Date de sortie (aux Etats-Unis) mai 2014
Langue de la version disponible en France Textes en anglais"
3114,Tiger Woods PGA Tour 10,X360,2009.0,Sports,Electronic Arts,0.39,0.2,0.0,0.06,0.65,15,(1),18,"Editeur(s) / Développeur(s) EA Sports Electronic Arts
Sortie France 02 juil. 2009
Genre(s) Sport
Classification +3 ans
Mode(s) Multi en ligne
Web Site officiel
Support(s) UMD Blu-Ray DVD App Store
Date de sortie (aux Etats-Unis) 16 juin 2009
Langue de la version disponible en France Textes en français Voix en anglais Textes en anglais"
3115,Advance Wars 2: Black Hole Rising,GBA,2003.0,Strategy,Nintendo,0.47,0.17,0.0,0.01,0.65,--,(0),--,"Editeur(s) / Développeur(s) Nintendo
Sortie France 21 avr. 2023
Genre(s) Stratégie"
